選舉區,號次,姓名,性別,出生年月日,年齡,推薦之政黨,學歷,是否現任,英文姓名,出生地
臺北市第1選舉區,1,謝維洲,男,072/05/05,31,民主進步黨,大學,否,HSIEH WEI CHOU,新北市
臺北市第1選舉區,2,賴素如,女,053/03/23,50,無,博士,是,Lai Su Ru,臺北市
臺北市第1選舉區,3,孫士堅,男,048/10/06,55,無,專科,否,Sune Shih Jian,臺北市
臺北市第1選舉區,4,潘懷宗,男,050/07/02,53,新黨,博士,是,Pan Hwai Tzong Wynn,臺北市
臺北市第1選舉區,5,林瑞圖,男,045/06/10,58,無,大學,是,LIN RUEY TOU,臺北市
臺北市第1選舉區,6,周佳君,女,056/07/28,47,人民民主陣線,碩士,否,CHOU Chia Chun,臺中市
臺北市第1選舉區,7,王奕凱,男,074/06/29,29,無,高中,否,Wang Yi Kai,臺北市
臺北市第1選舉區,8,王英文,男,060/10/02,43,無,博士,否,WANG YING WEN,臺灣省
臺北市第1選舉區,9,陳重文,男,066/09/24,37,中國國民黨,大學,否,chen chung wen,臺北市
臺北市第1選舉區,10,黃平洋,男,051/11/13,52,中國國民黨,大學,是,HUANG PING YANG,新北市
臺北市第1選舉區,11,王小玉,女,041/11/24,62,親民黨,其他,否,Wang Hsiao Yu,臺灣省
臺北市第1選舉區,12,楊靜宇,男,050/10/02,53,新黨,大學,否,YANG CHING YU,臺北市
臺北市第1選舉區,13,汪志冰,女,046/04/20,57,中國國民黨,碩士,是,WANG CHIH PING,臺中市
臺北市第1選舉區,14,林世宗,男,048/06/13,55,民主進步黨,博士,是,LIN SHIHTSUNG,臺北市
臺北市第1選舉區,15,王威中,男,072/03/03,31,民主進步黨,碩士,否,Wang Wei Chung,臺北市
臺北市第1選舉區,16,吳思瑤,女,063/05/28,40,民主進步黨,碩士,是,Wu Szu Yao,新北市
臺北市第1選舉區,17,陳建銘,男,050/07/24,53,台灣團結聯盟,博士,是,Chen Chien Ming,臺北市
臺北市第1選舉區,18,何志偉,男,071/05/14,32,民主進步黨,碩士,是,Ho Chin Wei,其他省市
臺北市第1選舉區,19,陳政忠,男,044/04/01,59,無,碩士,是,Chen Cheng Chung,臺北市
臺北市第1選舉區,20,陳慈慧,女,072/11/22,31,民主進步黨,大學,否,CHEN TZU HUI,臺北市
臺北市第1選舉區,21,吳碧珠,女,038/12/22,64,中國國民黨,大學,是,WU BI CHU,臺北市
臺北市第2選舉區,1,許明偉,男,043/02/25,60,無,大學,否,Hsu Ming Wei,臺北市
臺北市第2選舉區,2,陳義洲,男,041/09/01,62,中國國民黨,碩士,是,,臺北市
臺北市第2選舉區,3,趙家蓉,女,051/11/11,52,新黨,大學,否,Chao Chia Jung,臺北市
臺北市第2選舉區,4,黃子哲,男,063/08/09,40,中國國民黨,碩士,否,Huang Tzu che,臺北市
臺北市第2選舉區,5,黃珊珊,女,058/10/18,45,親民黨,大學,是,Huang shan shan,臺中市
臺北市第2選舉區,6,王孝維,男,050/06/10,53,民主進步黨,大學,是,WANG HSIAO WEI,新北市
臺北市第2選舉區,7,李彥秀,女,060/12/18,42,中國國民黨,大學,是,Lee Yen Hsiu,臺北市
臺北市第2選舉區,8,陳嘉霖,男,067/09/12,36,台灣團結聯盟,碩士,否,Chen Chia Lin,臺灣省
臺北市第2選舉區,9,余筱菁,女,069/12/02,33,樹黨,碩士,否,Yu Hsiao ching,臺灣省
臺北市第2選舉區,10,闕枚莎,女,061/04/05,42,中國國民黨,碩士,是,CHIEH MEI SHA,臺北市
臺北市第2選舉區,11,江志銘,男,051/08/10,52,民主進步黨,大學,是,Chuang Chi ming,臺北市
臺北市第2選舉區,12,吳世正,男,052/04/11,51,中國國民黨,碩士,是,Wu Shih Cheng,臺灣省
臺北市第2選舉區,13,李建昌,男,051/08/22,52,民主進步黨,碩士,是,LEE CHIEN CHANG,臺灣省
臺北市第2選舉區,14,高嘉瑜,女,069/10/17,34,民主進步黨,碩士,是,Kao Chia yu,臺灣省
臺北市第3選舉區,1,陳永德,男,054/08/14,49,中國國民黨,大學,是,Chen Yung Te,臺北市
臺北市第3選舉區,2,秦慧珠,女,044/03/27,59,中國國民黨,博士,是,Chin Huei Chu,臺灣省
臺北市第3選舉區,3,楊世光,男,065/10/24,38,新黨,專科,否,Yang Shih Kuang,新北市
臺北市第3選舉區,4,許家蓓,女,066/04/15,37,民主進步黨,大學,否,Hsu jia bei,臺北市
臺北市第3選舉區,5,王博玉,男,057/09/21,46,無,碩士,否,WANG Po yu,臺北市
臺北市第3選舉區,6,戴錫欽,男,055/10/28,48,中國國民黨,碩士,是,Tai Hsi chin,臺北市
臺北市第3選舉區,7,陳孋輝,女,051/11/30,51,中國國民黨,碩士,是,CHEN LI HUI,臺灣省
臺北市第3選舉區,8,洪士奇,男,051/07/29,52,親民黨,大學,否,Hong Shih Chi,高雄市
臺北市第3選舉區,9,潘翰疆,男,056/09/02,47,樹黨,大學,否,Pan Han Chiang,臺南市
臺北市第3選舉區,10,許淑華,女,062/05/22,41,民主進步黨,碩士,是,HSU SHU HUA,臺灣省
臺北市第3選舉區,11,李卓翰,男,058/12/13,44,台灣團結聯盟,碩士,否,Lee Chou han,臺北市
臺北市第3選舉區,12,王鴻薇,女,053/07/10,50,中國國民黨,大學,是,Wang Hung wei,臺灣省
臺北市第3選舉區,13,洪健益,男,059/11/03,44,民主進步黨,碩士,是,HUNG CHIEN YI,臺北市
臺北市第3選舉區,14,楊實秋,男,047/09/24,56,中國國民黨,碩士,是,YANG SHIH CHIU,臺北市
臺北市第3選舉區,15,張茂楠,男,049/08/15,54,民主進步黨,大學,是,CHANG MAO NAN,臺灣省
臺北市第3選舉區,16,徐世勲,男,065/01/30,38,無,碩士,否,SHYU SHYH SHIUN,臺灣省
臺北市第3選舉區,17,王正德,男,045/02/07,58,中國國民黨,大學,是,WANG CHENG TER,臺北市
臺北市第4選舉區,1,陳炳甫,男,060/04/01,43,中國國民黨,碩士,否,CHEN BIN FU,臺北市
臺北市第4選舉區,2,鍾君竺,女,066/05/27,37,人民民主陣線,大學,否,Chung Chun Chu,臺灣省
臺北市第4選舉區,3,黃向羣,男,059/04/17,44,民主進步黨,碩士,否,HUANG HSIANG CHUN,臺北市
臺北市第4選舉區,4,林婕麗,女,055/05/15,48,新黨,高中,否,LIN JIE LI,新北市
臺北市第4選舉區,5,梁文傑,男,060/11/26,43,民主進步黨,碩士,是,LIANG WEN CHIEN,新北市
臺北市第4選舉區,6,顏若芳,女,074/10/27,29,民主進步黨,大學,否,YEN JUO FANG,臺北市
臺北市第4選舉區,7,葉林傳,男,058/07/16,45,中國國民黨,專科,是,YEH LUN CHUANG,臺北市
臺北市第4選舉區,8,王世堅,男,049/01/01,54,民主進步黨,碩士,是,Wang shih Chien,臺北市
臺北市第4選舉區,9,林國成,男,046/08/20,57,親民黨,碩士,是,,臺灣省
臺北市第4選舉區,10,王麗珠,女,046/04/21,57,中國國民黨,大學,否,WANG Li chu,臺灣省
臺北市第4選舉區,11,簡聖哲,男,071/10/09,32,台灣團結聯盟,大學,否,JIAN SHENG JHE,新北市
臺北市第4選舉區,12,鄭惠齡,女,075/07/24,28,樹黨,大學,否,Cheng Hui Ling,臺北市
臺北市第4選舉區,13,林亭君,女,073/11/17,30,中國國民黨,大學,否,,新北市
臺北市第4選舉區,14,楊鎮雄,男,039/11/30,63,無,大學,否,YANG JOSEPH,高雄市
臺北市第5選舉區,1,徐立信,男,064/04/03,39,無,碩士,否,,臺中市
臺北市第5選舉區,2,黄文章,男,042/07/23,61,華聲黨,大學,否,HUANG WEN CHANG,高雄市
臺北市第5選舉區,3,康明道,男,060/10/31,43,無,大學,否,KANG MING DANG,臺北市
臺北市第5選舉區,4,吳志剛,男,060/09/09,43,中國國民黨,碩士,是,Wu Chih Kang,臺灣省
臺北市第5選舉區,5,謝建平,男,054/02/27,49,台灣團結聯盟,專科,否,HSIEH CHIEN PING,臺南市
臺北市第5選舉區,6,童仲彥,男,062/07/08,41,民主進步黨,碩士,是,Tung Chung Yen,臺灣省
臺北市第5選舉區,7,周威佑,男,051/09/15,52,民主進步黨,大學,是,CHOU WEI YU,臺灣省
臺北市第5選舉區,8,劉耀仁,男,057/10/16,46,民主進步黨,大學,是,Liu Yao Jen,高雄市
臺北市第5選舉區,9,應曉薇,女,053/09/14,50,中國國民黨,碩士,是,Ying Angela,臺灣省
臺北市第5選舉區,10,林佳諭,女,076/05/22,27,樹黨,碩士,否,Lin Chia Yu,臺北市
臺北市第5選舉區,11,郭昭巖,女,058/02/08,45,中國國民黨,碩士,是,KUO CHAO YEN,臺北市
臺北市第5選舉區,12,鍾小平,男,051/08/27,52,中國國民黨,碩士,是,Chung Hsiao Ping,新北市
臺北市第5選舉區,13,顏聖冠,女,057/06/20,46,民主進步黨,碩士,是,YEN SHENG KUAN,臺北市
臺北市第5選舉區,14,陳蓋武,男,063/04/19,40,親民黨,碩士,否,Chen Kai Wu,臺灣省
臺北市第5選舉區,15,張榮法,男,061/07/25,42,新黨,大學,否,Chang Jung Fa,臺南市
臺北市第6選舉區,1,陳彥伯,男,058/08/21,45,新黨,碩士,是,CHEN YEN BO,臺北市
臺北市第6選舉區,2,孫仲康,男,053/10/19,50,無,碩士,否,SUN CHUNG KANG,臺北市
臺北市第6選舉區,3,厲耿桂芳,女,035/01/27,68,中國國民黨,碩士,是,Li Keng Kuei fong,其他省市
臺北市第6選舉區,4,王欣儀,女,059/06/24,44,中國國民黨,碩士,是,WANG HSIN I,臺北市
臺北市第6選舉區,5,陳錦祥,男,048/07/07,55,中國國民黨,高中,是,Chen Chin Hsiang,臺北市
臺北市第6選舉區,6,丁增義,男,048/10/02,55,無,碩士,否,TING TSENG YI,臺灣省
臺北市第6選舉區,7,潘翰聲,男,059/07/11,44,樹黨,碩士,否,PAN HAN SHEN,臺南市
臺北市第6選舉區,8,歐陽龍,男,049/11/12,54,中國國民黨,高中,是,Ou Yang Long,臺北市
臺北市第6選舉區,9,王閔生,男,064/09/15,39,民主進步黨,大學,否,Wang Min Sheng,臺北市
臺北市第6選舉區,10,青天,男,044/10/10,59,無,大學,否,CHIN TEN,臺灣省
臺北市第6選舉區,11,何啟聖,男,053/02/04,50,親民黨,碩士,否,HO CHI SHENG,臺中市
臺北市第6選舉區,12,王致雅,女,060/12/25,42,中國國民黨,碩士,否,Wang Chih Ya,臺灣省
臺北市第6選舉區,13,徐弘庭,男,071/06/21,32,中國國民黨,大學,否,HSU HUNG TING,臺北市
臺北市第6選舉區,14,聶紹雄,男,035/09/23,68,無,碩士,否,Nieh Shao Hsiung,其他省市
臺北市第6選舉區,15,周柏雅,男,048/03/08,55,民主進步黨,碩士,是,Chou Po Ya,臺灣省
臺北市第6選舉區,16,李慶鋒,男,056/05/18,47,民主進步黨,碩士,是,LEE CHING FENG,臺中市
臺北市第6選舉區,17,阮昭雄,男,059/09/29,44,民主進步黨,碩士,是,Juan Chao Hsiung,臺灣省
臺北市第6選舉區,18,李新,男,042/07/16,61,中國國民黨,碩士,是,LEE HSIN,新北市
臺北市第6選舉區,19,謝啟大,女,038/02/10,65,無,碩士,否,HSIEH CHI TA,其他省市
臺北市第6選舉區,20,歐陽瑞蓮,女,065/02/26,38,台灣團結聯盟,碩士,否,OU YANG JUI LIEN,臺北市
臺北市第6選舉區,21,簡舒培,女,066/06/27,37,民主進步黨,大學,否,Chien Shu Pei,新北市
臺北市第6選舉區,22,李慶元,男,047/08/29,56,中國國民黨,碩士,是,CHING YUAN LEE,高雄市
臺北市第7選舉區,1,馬耀．谷木,男,046/08/25,57,民主進步黨,其他,否,Mayaw Kumu,臺灣省
臺北市第7選舉區,2,李芳儒,男,058/12/06,44,中國國民黨,碩士,是,LEE FANG RU,臺灣省
臺北市第8選舉區,1,"伊凡諾幹 Iban Nokan",男,049/01/22,54,民主進步黨,大學,否,Iban Nokan,臺灣省
臺北市第8選舉區,2,高李茂俊,男,046/09/30,57,親民黨,專科,否,KAO LEE MAO CHUN,臺灣省
臺北市第8選舉區,3,李傅中武,男,062/04/04,41,中國國民黨,碩士,是,LEE FU CHUNG WU,臺灣省
新北市第1選舉區,1,鄭戴麗香,女,043/08/22,60,中國國民黨,其他,是,Cheng Tai Li Hsiang,高雄市
新北市第1選舉區,2,王鐘銘,男,067/12/08,35,綠黨,大學,否,Wang Chung Ming,新北市
新北市第1選舉區,3,鄭宇恩,女,075/04/07,28,民主進步黨,碩士,否,Cheng Yu En,臺北市
新北市第1選舉區,4,蔡錦賢,男,038/01/24,65,無,其他,是,Tsai Ching Hsien,新北市
新北市第1選舉區,5,蔡葉偉,男,043/01/24,60,中國國民黨,博士,否,Tsai Yeh Wei,新北市
新北市第1選舉區,6,呂子昌,男,047/09/25,56,民主進步黨,大學,是,Lu Tzu Chang,新北市
新北市第2選舉區,1,蔡健棠,男,052/01/19,51,中國國民黨,碩士,否,Tsai Chien Tang,臺灣省
新北市第2選舉區,2,宋明宗,男,056/04/02,47,中國國民黨,高中,是,Sung Ming Tzung,高雄市
新北市第2選舉區,3,陳明義,男,056/09/18,47,中國國民黨,碩士,是,Chen Ming I,臺灣省
新北市第2選舉區,4,何淑峯,女,056/10/31,47,民主進步黨,碩士,是,,臺灣省
新北市第2選舉區,5,賴秋媚,女,052/07/29,51,民主進步黨,高中,是,Lai Chiu Mei,臺灣省
新北市第2選舉區,6,董吉誠,男,049/11/03,54,無,碩士,否,Tung Chi Cheng,高雄市
新北市第2選舉區,7,鍾宏仁,男,046/09/25,57,民主進步黨,博士,否,Chung Hung Jen,臺灣省
新北市第2選舉區,8,張晉婷,女,058/07/19,45,台灣團結聯盟,高中,是,Chang Chin Ting,臺北市
新北市第2選舉區,9,黃林玲玲,女,031/09/19,72,中國國民黨,大學,是,Huang Lin Ling Ling,新北市
新北市第2選舉區,10,蔣根煌,男,052/05/01,51,中國國民黨,高中,是,Chiang Ken Huang,新北市
新北市第2選舉區,11,陳文治,男,056/06/13,47,民主進步黨,大學,是,Chen Wen Chih,臺灣省
新北市第2選舉區,12,陳科名,男,059/05/09,44,民主進步黨,大學,是,Chen Ko Ming,新北市
新北市第2選舉區,13,蔡淑君,女,059/03/05,44,中國國民黨,專科,是,Tsai Shu Chun,新北市
新北市第3選舉區,1,李倩萍,女,059/08/12,44,民主進步黨,碩士,是,,新北市
新北市第3選舉區,2,蕭榮騰,男,057/07/01,46,人民最大黨,其他,否,,臺灣省
新北市第3選舉區,3,鄭金隆,男,044/04/05,59,民主進步黨,高中,是,Cheng Chin Lung,新北市
新北市第3選舉區,4,王詠沛,女,053/04/12,50,親民黨,大學,否,Wang Yong Pei,高雄市
新北市第3選舉區,5,黃桂蘭,女,046/02/25,57,中國國民黨,碩士,是,Huang Kuei Lan,臺灣省
新北市第3選舉區,6,張宸浩,男,069/09/20,34,新黨,碩士,否,Chang Chen Hao,高雄市
新北市第3選舉區,7,董俊良,男,059/07/30,44,無,高中,否,Tung Chun Liang,新北市
新北市第3選舉區,8,胡淑蓉,女,049/10/08,54,中國國民黨,高中,是,Hu Shu Jung,臺灣省
新北市第3選舉區,9,蔡明堂,男,047/04/27,56,中國國民黨,大學,否,Tsai Ming Tang,新北市
新北市第3選舉區,10,李翁月娥,女,047/01/05,56,無,大學,是,Li Weng Yueh E,新北市
新北市第3選舉區,11,李丹鳳,女,067/05/25,36,人民民主陣線,碩士,否,Lee Dan Feng,臺灣省
新北市第3選舉區,12,鄭世維,男,055/05/05,48,中國國民黨,高中,否,Cheng Shih Wei,臺北市
新北市第3選舉區,13,陳幸進,男,032/09/26,71,中國國民黨,其他,是,Chen Hsing Chin,新北市
新北市第3選舉區,14,蘇卿彥,男,028/03/13,75,無,博士,否,Su Ching Yin,新北市
新北市第3選舉區,15,李坤城,男,062/05/03,41,民主進步黨,大學,是,Lee Kuen Cheng,新北市
新北市第3選舉區,16,李余典,男,047/01/27,56,民主進步黨,大學,是,Lee Yu Dien,新北市
新北市第3選舉區,17,邱婷蔚,女,069/10/11,34,民主進步黨,大學,否,Chiu Ting Wei,新北市
新北市第3選舉區,18,陳啟能,男,048/07/05,55,民主進步黨,專科,是,Chen Chi Jeng,新北市
新北市第3選舉區,19,陳良安,男,059/01/02,44,台灣團結聯盟,專科,否,,新北市
新北市第4選舉區,1,曾煥嘉,男,065/09/10,38,中國國民黨,大學,是,Tseng Huan Chia,臺北市
新北市第4選舉區,2,周勝考,男,045/03/14,58,中國國民黨,碩士,是,Chou Shen Kao,臺灣省
新北市第4選舉區,3,廖裕德,男,040/09/14,63,無,專科,是,,新北市
新北市第4選舉區,4,顏德民,男,065/04/03,38,無,碩士,否,,新北市
新北市第4選舉區,5,王淑慧,女,044/12/02,58,民主進步黨,碩士,是,Wang Shu Hui,臺北市
新北市第4選舉區,6,黃俊哲,男,067/04/27,36,民主進步黨,碩士,是,Huang Chun Chemr,臺灣省
新北市第4選舉區,7,林水山,男,045/08/01,58,民主進步黨,其他,是,,臺灣省
新北市第4選舉區,8,何博文,男,062/06/27,41,民主進步黨,碩士,否,Ho Po Wen,臺中市
新北市第4選舉區,9,林世棟,男,046/11/01,57,親民黨,碩士,否,Lin Stone,新北市
新北市第4選舉區,10,林國春,男,057/01/08,46,中國國民黨,碩士,是,Lin Kuochun,金馬地區
新北市第4選舉區,11,劉美芳,女,067/12/07,35,中國國民黨,大學,是,Liu Mei Feng,臺北市
新北市第4選舉區,12,王炳忠,男,076/08/31,27,新黨,碩士,否,Wang Ping Chung,臺北市
新北市第4選舉區,13,張宏陸,男,061/01/10,42,民主進步黨,碩士,是,Chang Hung Lu,臺中市
新北市第4選舉區,14,李婉鈺,女,061/03/27,42,無,碩士,是,Lee Wan Yu,新北市
新北市第4選舉區,15,趙燕昭,男,045/09/29,58,中國國民黨,高中,否,Chao Yen Chao,臺灣省
新北市第4選舉區,16,蕭貫譽,男,045/04/18,58,台灣團結聯盟,高中,否,Shiao Kuan Yu,臺灣省
新北市第5選舉區,1,陳錦錠,女,043/11/28,60,中國國民黨,大學,是,Chen Jin Ding,臺北市
新北市第5選舉區,2,江永昌,男,058/10/22,45,民主進步黨,碩士,是,Chiang Yung Chang,新北市
新北市第5選舉區,3,林朝鑫,男,049/07/12,54,無,碩士,否,,新北市
新北市第5選舉區,4,戴德成,男,051/04/14,52,新黨,大學,否,Tai Te Cheng,金馬地區
新北市第5選舉區,5,游輝宂,男,072/02/26,31,無,大學,否,Yu Hui Lung,新北市
新北市第5選舉區,6,林秀惠,女,044/06/09,59,民主進步黨,碩士,是,Lin Hsiu Hui,臺灣省
新北市第5選舉區,7,張瑞山,男,044/11/18,59,民主進步黨,高中,是,Chang Jui Shan,臺灣省
新北市第5選舉區,8,金瑞龍,男,058/07/15,45,中國國民黨,專科,是,,臺灣省
新北市第5選舉區,9,邱烽堯,男,062/10/03,41,中國國民黨,碩士,是,Chiu Feng Yao,新北市
新北市第6選舉區,1,羅文崇,男,053/07/08,50,民主進步黨,大學,否,Lo Wen Chung,臺北市
新北市第6選舉區,2,陳鴻源,男,056/04/21,47,中國國民黨,專科,是,Chen Hung Yuan,臺灣省
新北市第6選舉區,3,許昭興,女,060/03/06,43,民主進步黨,碩士,是,,新北市
新北市第6選舉區,4,蔡明璋,男,054/04/09,49,新黨,大學,否,Tsai Ming Chang,新北市
新北市第6選舉區,5,金介壽,男,040/10/31,63,中國國民黨,大學,是,Ching Chia Shou,臺中市
新北市第6選舉區,6,連斐璠,女,048/09/09,55,中國國民黨,碩士,是,Lien Fei Fan,新北市
新北市第6選舉區,7,莊育麟,男,063/11/05,40,人民民主陣線,碩士,否,Chuang Yu Lin,臺灣省
新北市第7選舉區,1,王明麗,女,041/04/15,62,中國國民黨,專科,是,Wang Ming Li,新北市
新北市第7選舉區,2,林銘仁,男,049/03/09,54,民主進步黨,碩士,是,Lin Ming Jen,新北市
新北市第7選舉區,3,林明正,男,067/12/02,35,新黨,碩士,否,Lin Ming Zheng,臺北市
新北市第7選舉區,4,吳琪銘,男,052/02/24,51,民主進步黨,大學,是,Wu Chi Ming,臺灣省
新北市第7選舉區,5,林金結,男,057/07/21,46,中國國民黨,碩士,否,Lin Chin Chieh,臺灣省
新北市第7選舉區,6,彭成龍,男,045/09/01,58,民主進步黨,專科,是,Peng Chen Long,新北市
新北市第7選舉區,7,李宜潔,女,059/08/08,44,台灣團結聯盟,其他,否,,金馬地區
新北市第7選舉區,8,陳世榮,男,046/03/10,57,無,大學,是,Chen Shyh Rong,新北市
新北市第7選舉區,9,朱子孟,男,051/08/19,52,中國國民黨,博士,否,Chu Tzu Meng,新北市
新北市第7選舉區,10,羅友志,男,061/09/17,42,無,大學,否,Lo Yu Chih,新北市
新北市第7選舉區,11,黃永昌,男,051/12/06,51,中國國民黨,專科,是,Huang Yong Cheong,新北市
新北市第7選舉區,12,廖本煙,男,045/09/26,58,民主進步黨,碩士,否,Liao Pen Yen,臺灣省
新北市第7選舉區,13,歐金獅,男,041/05/01,62,民主進步黨,專科,是,Ou Chin Shih,臺灣省
新北市第7選舉區,14,薛永華,男,061/12/17,41,親民黨,碩士,否,Hsueh Yung Hua,臺北市
新北市第7選舉區,15,臧家宜,女,063/04/23,40,無,碩士,否,,臺灣省
新北市第7選舉區,16,楊木萬,男,044/01/06,59,綠黨,其他,否,,新北市
新北市第7選舉區,17,洪佳君,女,066/06/28,37,中國國民黨,碩士,是,Hung Chia Chun,新北市
新北市第7選舉區,18,朱彥華,男,057/07/25,46,無,博士,否,Chu Yen Hua,臺北市
新北市第7選舉區,19,林富子,女,058/08/28,45,中國國民黨,碩士,否,Lin Fu Tzu,臺灣省
新北市第7選舉區,20,高敏慧,女,055/02/17,48,民主進步黨,大學,是,Kao Min Hui,新北市
新北市第7選舉區,21,蘇有仁,男,038/09/12,65,無,高中,否,Su Yu Jen,新北市
新北市第8選舉區,1,王美月,女,043/11/20,60,中國國民黨,碩士,否,Wang Mei Yueh,新北市
新北市第8選舉區,2,劉哲彰,男,061/07/07,42,中國國民黨,博士,是,Liu Che Chang,新北市
新北市第8選舉區,3,金中玉,男,045/03/14,58,無,專科,是,Chin Chung Yu,臺北市
新北市第8選舉區,4,陳永福,男,047/10/01,56,民主進步黨,大學,是,Chen Yung Fu,新北市
新北市第8選舉區,5,廖筱清,女,045/10/10,58,民主進步黨,碩士,否,Liao Hsiao Ching,臺灣省
新北市第8選舉區,6,邱九桁,男,054/08/28,49,親民黨,其他,否,Chiu Chiu Heng,臺中市
新北市第8選舉區,7,何孟哲,男,073/03/21,30,新黨,碩士,否,Ho Meng Je,臺北市
新北市第8選舉區,8,陳儀君,女,062/07/02,41,中國國民黨,碩士,是,Chen Yi Chun,新北市
新北市第9選舉區,1,謝簡,男,053/12/01,49,中華民主向日葵憲政改革聯盟,專科,否,Hsieh Chien,新北市
新北市第9選舉區,2,高天助,男,052/01/26,51,無,專科,否,Kao Tien Chu,新北市
新北市第9選舉區,3,林讚枝,男,040/02/23,63,中國國民黨,碩士,否,,新北市
新北市第9選舉區,4,林裔綺,女,057/04/26,46,民主進步黨,專科,否,Lin I Chi,臺灣省
新北市第9選舉區,5,吳清風,男,069/08/10,34,無,碩士,否,Wu Ching Feng,新北市
新北市第9選舉區,6,廖秀雄,男,033/02/15,70,無,其他,是,,新北市
新北市第10選舉區,1,周雅玲,女,057/06/25,46,民主進步黨,專科,是,Chou Ya Ling,新北市
新北市第10選舉區,2,李玉蘭,女,061/09/15,42,無,高中,否,,新北市
新北市第10選舉區,3,黃瑞傳,男,039/04/07,64,無,高中,否,Huang Jui Chuan,臺灣省
新北市第10選舉區,4,廖正良,男,043/12/25,59,中國國民黨,高中,否,Liao Zheng Liang,新北市
新北市第10選舉區,5,白珮茹,女,064/05/17,39,中國國民黨,碩士,是,Pai Pei Ju,臺北市
新北市第10選舉區,6,沈發惠,男,055/11/02,48,民主進步黨,碩士,是,Shen Fa Hui,臺北市
新北市第11選舉區,1,宋雨蓁,女,070/07/17,33,中國國民黨,大學,否,Sung Yu Chen,新北市
新北市第11選舉區,2,"夷將･拔路兒 Icyang･Parod",男,049/12/02,53,民主進步黨,大學,是,Parod Icyang,臺灣省
新北市第11選舉區,3,楊春妹,女,050/02/19,53,中國國民黨,專科,是,Yang Chun Mei,臺灣省
新北市第11選舉區,4,張天明,男,047/03/06,56,無,專科,否,,臺灣省
新北市第11選舉區,5,陳家梅,女,052/10/20,51,中國國民黨,高中,否,,臺灣省
新北市第11選舉區,6,忠仁•達祿斯,男,050/01/27,53,中國國民黨,碩士,是,Chung Jen Da Lu Sih,臺灣省
新北市第12選舉區,1,"寶杜巴燕 Bawtu･Payen",男,064/11/02,39,民主進步黨,專科,否,Bawtu Payen,臺灣省
新北市第12選舉區,2,王建章,男,047/03/28,56,中國國民黨,專科,是,Wang Chien Chang,新北市
新北市第12選舉區,3,陳勝榮,男,045/03/12,58,親民黨,碩士,否,Chen Shen Zung,新北市
桃園市第1選舉區,1,萬美玲,女,058/09/25,45,中國國民黨,大學,是,WAN MEI LING,臺北市
桃園市第1選舉區,2,范綱祥,男,055/04/17,48,民主進步黨,碩士,否,FAN KANG HSIANG,臺灣省
桃園市第1選舉區,3,林國政,男,055/04/27,48,親民黨,碩士,否,LIN KUO CHENG,臺中市
桃園市第1選舉區,4,陳宗義,男,048/10/02,55,民主進步黨,大學,是,Chen Chong Yi,臺北市
桃園市第1選舉區,5,黃婉如,女,043/10/05,60,中國國民黨,碩士,是,Huang Woun Ju,臺灣省
桃園市第1選舉區,6,王信涵,男,066/03/07,37,無,碩士,否,WANG HSIN HAN,高雄市
桃園市第1選舉區,7,簡梓倡,男,055/08/10,48,無,專科,否,CHIEN TZU CHANG,臺灣省
桃園市第1選舉區,8,張勝豐,男,054/04/29,49,新黨,大學,否,CHANG SHENG FENG,臺灣省
桃園市第1選舉區,9,黃莅程,男,067/05/17,36,無,高中,否,HUANG LI CHENG,臺灣省
桃園市第1選舉區,10,黃景熙,男,048/05/15,55,民主進步黨,專科,是,,臺灣省
桃園市第1選舉區,11,黃智銘,男,042/08/20,61,民主進步黨,專科,是,Huang Chih Ming,臺灣省
桃園市第1選舉區,12,李曉鐘,男,048/05/29,55,中國國民黨,大學,是,LI HSIAO CHUNG,臺灣省
桃園市第1選舉區,13,蘇家明,男,043/12/12,59,中國國民黨,碩士,否,SU JIA MING,臺灣省
桃園市第1選舉區,14,賀光卍,男,064/02/12,39,人民民主陣線,專科,否,,新北市
桃園市第1選舉區,15,陳美梅,女,063/06/04,40,中國國民黨,碩士,是,Chen Mei Mei,臺灣省
桃園市第1選舉區,16,洪文璋,男,055/10/31,48,無,碩士,否,Hung Wen Chang,臺灣省
桃園市第1選舉區,17,楊添丁,男,045/06/08,58,無,高中,否,,臺灣省
桃園市第1選舉區,18,詹江村,男,052/08/16,51,中國國民黨,碩士,是,JAN JIANG TSUN,新北市
桃園市第1選舉區,19,林政賢,男,048/06/28,55,中國國民黨,大學,是,LIN CHENG HSIEN,臺灣省
桃園市第1選舉區,20,李光達,男,055/10/01,48,台灣團結聯盟,大學,否,LEE KUANG TA,臺灣省
桃園市第1選舉區,21,廖輝星,男,043/08/01,60,民主進步黨,碩士,是,LIAO HUI HSIN,臺灣省
桃園市第1選舉區,22,黃哲鍾,男,038/08/14,65,無黨團結聯盟,專科,是,HWANG JER JONG,臺灣省
桃園市第1選舉區,23,羅岳峰,男,075/10/29,28,綠黨,大學,否,LO YUEH FENG,新北市
桃園市第1選舉區,24,史碩仁,男,050/07/28,53,無,高中,否,SHIH SHUO JEN,臺北市
桃園市第1選舉區,25,邱素芬,女,055/08/30,48,民主進步黨,碩士,是,CHIU SU FEN,臺灣省
桃園市第2選舉區,1,陳志謀,男,047/01/30,56,民主進步黨,大學,否,Chen Chih Mou,臺灣省
桃園市第2選舉區,2,林正峰,男,038/12/01,64,中國國民黨,高中,否,LIN CHENG FONG,臺灣省
桃園市第2選舉區,3,李麗珠,女,047/09/17,56,中國國民黨,大學,是,LEE LI CHU,新北市
桃園市第2選舉區,4,許森能,男,052/08/15,51,無,大學,是,HSU SEN NENG,臺北市
桃園市第2選舉區,5,王家一,男,064/06/21,39,無,大學,否,WANG CHIA YI,臺灣省
桃園市第2選舉區,6,林俐玲,女,052/04/23,51,民主進步黨,專科,是,LIN LIE LING,臺灣省
桃園市第2選舉區,7,李雲強,男,048/05/23,55,中國國民黨,專科,是,LI YUN CHIANG,臺北市
桃園市第3選舉區,1,張文瑜,女,054/03/03,49,無,大學,是,ZHANG WEN YU,臺南市
桃園市第3選舉區,2,何正森,男,042/06/13,61,中國國民黨,專科,否,HO CHENG SEN,臺灣省
桃園市第3選舉區,3,呂淑真,女,044/06/04,59,中國國民黨,專科,是,LU SHU CHEN,臺灣省
桃園市第3選舉區,4,呂林小鳳,女,053/08/04,50,民主進步黨,碩士,是,LU LIN HSIAO FENG,臺灣省
桃園市第3選舉區,5,鍾孝彥,男,057/11/20,46,無,博士,否,CHUNG HSIAO YEN,臺灣省
桃園市第3選舉區,6,劉茂羣,女,045/05/06,58,中國國民黨,碩士,是,LIU MAO CHUN,臺灣省
桃園市第3選舉區,7,王國棟,男,048/09/20,55,中國國民黨,專科,否,WANG KUO TUNG,金馬地區
桃園市第3選舉區,8,賴維哲,男,047/09/27,56,無,專科,否,LAI WEI CHE,臺灣省
桃園市第3選舉區,9,趙正宇,男,055/03/29,48,無,碩士,是,Chao Cheng Yu,臺灣省
桃園市第3選舉區,10,蔡永芳,男,060/09/19,43,民主進步黨,專科,否,TSAI YUNG FANG,臺灣省
桃園市第3選舉區,11,鄭銀福,男,046/03/13,57,無,大學,否,CHENG YIN FU,金馬地區
桃園市第3選舉區,12,彭少康,男,062/08/07,41,新黨,專科,否,PENG SHAO KANG,臺北市
桃園市第3選舉區,13,林玉娟,女,058/08/14,45,無,大學,否,LIN YU CHUAN,臺灣省
桃園市第3選舉區,14,陳松福,男,048/01/25,55,無,碩士,否,CHEN SUNG FU,臺灣省
桃園市第4選舉區,1,李訓求,男,044/01/15,59,中國國民黨,高中,是,LEE HSUN CHIU,臺灣省
桃園市第4選舉區,2,張桂綿,女,064/01/20,39,中國國民黨,大學,否,CHANG KUEI MIEN,新北市
桃園市第4選舉區,3,郭麗華,女,054/01/30,49,民主進步黨,高中,否,KUO LI HUA,臺灣省
桃園市第4選舉區,4,吳寶玉,女,049/03/10,54,無,高中,否,,臺灣省
桃園市第4選舉區,5,袁慧心,女,054/06/22,49,新黨,專科,否,YUAN HUI HSIN,臺灣省
桃園市第4選舉區,6,劉勝全,男,058/04/19,45,無,專科,否,,臺灣省
桃園市第4選舉區,7,陳麗莉,女,046/05/02,57,中國國民黨,大學,是,CHEN LILI,臺灣省
桃園市第4選舉區,8,許清順,男,054/10/05,49,民主進步黨,碩士,是,HSU CHING SHUN,臺灣省
桃園市第5選舉區,1,徐其萬,男,047/02/15,56,中國國民黨,高中,是,HSU CHI WAN,臺灣省
桃園市第5選舉區,2,游吾和,男,052/11/28,51,民主進步黨,高中,否,,臺灣省
桃園市第5選舉區,3,王淳長,男,046/09/12,57,無,高中,是,,臺灣省
桃園市第6選舉區,1,曾慶章,男,038/11/29,64,民主進步黨,其他,否,,臺灣省
桃園市第6選舉區,2,李柏坊,男,047/01/24,56,中國國民黨,專科,是,LEE BO FANG,臺灣省
桃園市第6選舉區,3,黃智信,男,056/10/19,47,民主進步黨,高中,否,HUANG CHIH HSIN,臺灣省
桃園市第6選舉區,4,張振源,男,046/11/01,57,無,專科,否,CHANG CHEN YUAN,臺灣省
桃園市第6選舉區,5,楊朝偉,男,056/05/16,47,中國國民黨,碩士,是,YANG CHAO WEI,臺灣省
桃園市第6選舉區,6,邱伶樺,女,071/09/28,32,無,大學,否,CHIU LIN HUA,臺灣省
桃園市第6選舉區,7,邱創良,男,044/09/10,59,無,高中,否,CHIU CHUANG LIANG,臺灣省
桃園市第6選舉區,8,邱秀芬,女,055/03/18,48,民主進步黨,高中,否,CHIU HSIU FEN,臺灣省
桃園市第6選舉區,9,李洋宇,男,073/11/24,30,無,大學,否,LEE YANG YU,臺灣省
桃園市第6選舉區,10,陳治文,女,059/10/18,44,民主進步黨,碩士,是,CHEN CHIH WEN,高雄市
桃園市第7選舉區,1,邱奕勝,男,049/11/15,54,中國國民黨,碩士,是,CHIU YI SHENG,臺灣省
桃園市第7選舉區,2,賴立竹,男,068/10/14,35,親民黨,大學,否,,臺灣省
桃園市第7選舉區,3,謝偉孝,男,066/07/05,37,無,高中,否,HSIEH WEI HSIAO,臺灣省
桃園市第7選舉區,4,黃傅淑香,女,047/10/16,56,民主進步黨,高中,是,,臺灣省
桃園市第7選舉區,5,劉安祺,男,060/06/22,43,無,其他,否,,臺灣省
桃園市第7選舉區,6,吳正群,男,049/01/12,54,新黨,碩士,否,WU CHEN CHUN,臺灣省
桃園市第7選舉區,7,彭俊豪,男,071/08/15,32,民主進步黨,碩士,否,Peng Chun Hao,臺灣省
桃園市第7選舉區,8,張運炳,男,044/04/15,59,無,專科,是,CHANG YUN PING,臺灣省
桃園市第7選舉區,9,劉曾玉春,女,043/12/08,59,無,高中,是,LIU TSENG YU CHUN,臺灣省
桃園市第7選舉區,10,沐平波,女,041/12/01,61,中國國民黨,碩士,是,MU PEN PO,臺北市
桃園市第7選舉區,11,葉明月,女,049/12/15,53,中國國民黨,大學,是,YEH MING YUE,臺灣省
桃園市第7選舉區,12,徐景文,男,051/06/24,52,民主進步黨,碩士,是,HSU CHING WEN,臺灣省
桃園市第7選舉區,13,梁新武,男,044/06/10,59,無,大學,是,,臺灣省
桃園市第7選舉區,14,葉鄭秀蘋,女,047/03/03,56,無,高中,否,YES CHENG HSIU PIN,臺北市
桃園市第7選舉區,15,蔣中千,男,045/07/05,58,無黨團結聯盟,專科,是,CHIANG CHUNG CHIEN,臺灣省
桃園市第7選舉區,16,王浩宇,男,077/10/29,26,綠黨,大學,否,WANG HAU YU,臺灣省
桃園市第7選舉區,17,黃治東,男,049/05/17,54,台灣團結聯盟,其他,否,HUANG CHIH TUNG,臺灣省
桃園市第7選舉區,18,魯明哲,男,052/12/04,50,中國國民黨,碩士,否,LU MING CHE,臺北市
桃園市第7選舉區,19,彭秀涵,女,052/09/10,51,無,高中,否,PENG HSUEH HAN,臺灣省
桃園市第7選舉區,20,袁明星,男,051/11/19,52,民主進步黨,大學,否,YUAN MING HSING,臺灣省
桃園市第7選舉區,21,劉威德,男,048/03/06,55,無,高中,否,LIU WEI TE,臺灣省
桃園市第7選舉區,22,梁為超,男,063/03/12,40,中國國民黨,碩士,是,LIANG WEI CHAO,臺灣省
桃園市第8選舉區,1,羅文欽,男,059/01/15,44,無,碩士,是,LO WEN CHIN,臺灣省
桃園市第8選舉區,2,劉仁照,男,070/01/26,33,民主進步黨,大學,否,,臺灣省
桃園市第8選舉區,3,謝彰文,女,047/01/11,56,中國國民黨,碩士,是,Hsieh Chang Wen,臺灣省
桃園市第8選舉區,4,黃敬平,男,062/11/15,41,中國國民黨,碩士,否,HUANG CHING PING,臺灣省
桃園市第8選舉區,5,舒翠玲,女,053/09/13,50,中國國民黨,碩士,是,,臺灣省
桃園市第8選舉區,6,陳萬得,男,042/08/10,61,中國國民黨,碩士,否,CHEN WAN TE,臺灣省
桃園市第8選舉區,7,劉邦鉉,男,057/07/21,46,無,碩士,是,LIU PANG HSUAN,臺灣省
桃園市第8選舉區,8,楊家俍,男,069/04/13,34,民主進步黨,碩士,否,YANG CHIA LIANG,臺北市
桃園市第8選舉區,9,陳志偉,男,051/02/25,52,民主進步黨,專科,否,CHEN CHIH WEI,臺灣省
桃園市第8選舉區,10,莊訓基,男,039/09/17,64,親民黨,專科,否,,臺灣省
桃園市第8選舉區,11,莊玉光,男,039/12/02,63,無,高中,否,CHUANG YU KUANG,臺灣省
桃園市第8選舉區,12,黃國華,男,058/02/03,45,臺灣建國黨,高中,否,HWANG KUO HWA,臺灣省
桃園市第8選舉區,13,黃李月琴,女,049/03/02,54,無,碩士,是,LI YUEH CHIN,臺灣省
桃園市第8選舉區,14,王珮毓,女,071/01/10,32,無,碩士,否,WANG PEI YU,臺灣省
桃園市第8選舉區,15,湯琳翔,男,075/01/04,28,綠黨,大學,否,TANG LIN HSIANG,臺灣省
桃園市第8選舉區,16,張若彤,男,066/05/26,37,無,大學,否,CHANG JUOTUNG,臺灣省
桃園市第8選舉區,17,陳章程,男,064/05/29,39,無,大學,否,CHEN CHANG CHENG,新北市
桃園市第8選舉區,18,莊玉輝,男,048/05/25,55,無,大學,是,CHUANG YU HUI,臺灣省
桃園市第8選舉區,19,林德忠,男,050/05/02,53,無,大學,否,LIN TE CHUNG,臺灣省
桃園市第9選舉區,1,姜水浪,男,046/02/28,57,台灣主義黨,專科,否,CHIANG SHUI LANG,臺灣省
桃園市第9選舉區,2,周玉琴,女,047/05/14,56,中國國民黨,碩士,是,CHOU YU CHIN,臺灣省
桃園市第9選舉區,3,林羅春,男,042/06/26,61,無,高中,否,Lin Lo Chun,臺灣省
桃園市第9選舉區,4,李家興,男,046/06/10,57,中國國民黨,高中,是,LEE CHIA HSING,臺灣省
桃園市第9選舉區,5,陳賴素美,女,053/01/10,50,民主進步黨,大學,是,,臺灣省
桃園市第9選舉區,6,陳秀玲,女,050/04/17,53,無,高中,否,CHEN HSIU LING,臺灣省
桃園市第9選舉區,7,張火爐,男,047/03/20,56,民主進步黨,高中,是,CHANG HOU LU,臺灣省
桃園市第9選舉區,8,彭基原,男,051/01/01,52,無,碩士,否,PENG GE YUAN,臺灣省
桃園市第10選舉區,1,黃榮煥,男,045/10/08,58,無,其他,否,HUANG RONG HUAH,臺灣省
桃園市第10選舉區,2,劉熒隆,男,062/10/04,41,無,大學,否,LIU IN LONG,臺灣省
桃園市第10選舉區,3,林鴻斌,男,053/01/01,50,無,大學,否,LIN HONG BIN,臺灣省
桃園市第10選舉區,4,張肇良,男,053/09/30,50,民主進步黨,大學,是,CHANG JAW LIANG,臺灣省
桃園市第10選舉區,5,廖威森,男,060/03/09,43,無,大學,否,LIAO WEI SEN,臺灣省
桃園市第10選舉區,6,游良福,男,051/08/12,52,無,博士,否,YOU LIANG FU,臺灣省
桃園市第10選舉區,7,徐玉樹,男,053/11/22,50,中國國民黨,大學,是,HSU YU SHU,臺灣省
桃園市第10選舉區,8,羅銀珍,女,045/02/17,58,無,專科,否,LO YIN CNEN,臺灣省
桃園市第10選舉區,9,閻中傑,男,045/01/12,58,中國國民黨,大學,是,YEN CHUNG CHIEN,臺灣省
桃園市第11選舉區,1,邱佳亮,男,057/04/27,46,無,專科,是,,臺灣省
桃園市第11選舉區,2,陳睿生,男,070/06/15,33,民主進步黨,碩士,否,,臺灣省
桃園市第12選舉區,1,吳宗憲,男,048/01/17,55,中國國民黨,高中,是,WU TSUNG HSIEN,臺灣省
桃園市第12選舉區,2,郭榮宗,男,043/08/23,60,民主進步黨,博士,否,KUO JUNG CHUNG,臺灣省
桃園市第12選舉區,3,廖薛文,男,042/04/01,61,無,高中,否,LIAO HSUEN WEN,臺灣省
桃園市第12選舉區,4,歐炳辰,男,046/09/25,57,無,高中,否,OU PING CHEN,臺灣省
桃園市第13選舉區,1,林永財,男,055/08/25,48,無,高中,否,,臺灣省
桃園市第13選舉區,2,王仙蓮,女,055/10/21,48,中國國民黨,大學,否,WANG HSIEN LIEN,臺灣省
桃園市第13選舉區,3,楊進福,男,046/01/01,57,中國國民黨,碩士,是,YANG CHIN FU,臺灣省
桃園市第13選舉區,4,林金來,男,047/04/14,56,無,高中,否,LIN CHIN LAI,臺灣省
桃園市第13選舉區,5,林景騰,男,053/03/26,50,無,大學,否,,臺灣省
桃園市第13選舉區,6,洪國彰,男,048/03/24,55,無,大學,否,HUNG KUO CHANG,臺灣省
桃園市第13選舉區,7,吳春芳,女,046/04/08,57,中國國民黨,碩士,是,WU CHUN FANG,臺灣省
桃園市第13選舉區,8,林志強,男,063/10/28,40,無,專科,否,,新北市
桃園市第14選舉區,1,邱志成,男,062/12/04,40,無,大學,否,CHIU CHIH CHENG,臺灣省
桃園市第14選舉區,2,陳瑛,女,056/06/20,47,中國國民黨,碩士,是,CHEN YIN,臺灣省
桃園市第14選舉區,3,林信義,男,040/02/07,63,中國國民黨,大學,否,LIN HSIN YI,臺灣省
桃園市第14選舉區,4,蘇志強,男,055/03/29,48,無,碩士,否,,臺灣省
臺中市第1選舉區,1,吳鶴鵬,男,045/07/13,58,無,高中,否,Wu Ho Peng,臺中市
臺中市第1選舉區,2,吳敏濟,男,045/07/06,58,民主進步黨,碩士,是,Wu Min Chi,臺中市
臺中市第1選舉區,3,李榮鴻,男,038/06/23,65,中國國民黨,高中,是,LI JUNG HUNG,臺中市
臺中市第1選舉區,4,林素眞,女,048/11/13,55,無,高中,否,LIN SU CHEN,臺中市
臺中市第1選舉區,5,楊永昌,男,040/12/26,62,中國國民黨,碩士,是,YANG YUNG CHANG,臺中市
臺中市第2選舉區,1,王立任,男,058/06/11,45,民主進步黨,大學,否,Wang Li Jen,臺中市
臺中市第2選舉區,2,顏莉敏,女,073/09/07,30,中國國民黨,大學,否,YEN LI MING,臺中市
臺中市第2選舉區,3,陳廷秀,男,050/12/26,52,無,碩士,否,CHEN TING HSIU,臺中市
臺中市第2選舉區,4,張清照,男,052/02/07,51,中國國民黨,高中,否,CHANG CHING CHAO,臺中市
臺中市第2選舉區,5,程凱力,男,050/03/08,53,親民黨,大學,否,Cheng Kai Li,臺灣省
臺中市第2選舉區,6,陳詩哲,男,031/11/19,72,無,高中,是,chen Shi che,臺中市
臺中市第2選舉區,7,陳年添,男,041/02/20,62,台灣團結聯盟,大學,否,ScHool cHen,臺中市
臺中市第2選舉區,8,楊典忠,男,049/11/21,54,民主進步黨,博士,是,YANG DANE JONG,臺中市
臺中市第2選舉區,9,尤碧鈴,女,038/06/26,65,無,大學,是,YU PI LING,臺中市
臺中市第3選舉區,1,劉淑蘭,女,040/08/03,63,民主進步黨,高中,否,LIU SU NAN,臺中市
臺中市第3選舉區,2,吳瓊華,女,058/12/01,44,中國國民黨,碩士,是,Wu Chiung Hua,臺中市
臺中市第3選舉區,3,林汝洲,男,052/04/24,51,中國國民黨,碩士,是,Lin JU CHOU,臺中市
臺中市第3選舉區,4,陳世凱,男,066/05/12,37,民主進步黨,大學,是,CHEN SHIH KAI,臺灣省
臺中市第3選舉區,5,張正興,男,057/03/29,46,無,碩士,否,Chang Cheng Hsing,臺中市
臺中市第3選舉區,6,黃錫嘉,男,047/09/25,56,無,高中,是,HUANG HIS CHIA,臺中市
臺中市第3選舉區,7,林士昌,男,044/02/04,59,中國國民黨,高中,是,LIN SHIN CHANG,臺中市
臺中市第4選舉區,1,陳清龍,男,054/03/29,49,無,碩士,是,CHEN CHING LUNG,臺中市
臺中市第4選舉區,2,翁美春,女,052/02/14,51,民主進步黨,高中,是,,臺灣省
臺中市第4選舉區,3,謝志忠,男,058/04/06,45,民主進步黨,碩士,是,HSIEH CHIH CHUNG,臺南市
臺中市第4選舉區,4,王朝坤,男,045/11/22,58,無,其他,否,WANG CHAO KUN,臺中市
臺中市第4選舉區,5,張瀞分,女,032/01/21,71,中國國民黨,高中,否,CHANG CHING FEN,臺中市
臺中市第4選舉區,6,吳富亭,男,048/05/25,55,台灣團結聯盟,高中,否,,臺中市
臺中市第4選舉區,7,陳本添,男,046/09/09,57,中國國民黨,大學,是,CHEN PEN TIEN,臺中市
臺中市第5選舉區,1,張雅旻,女,066/04/25,37,民主進步黨,碩士,否,Chang Ya min,臺中市
臺中市第5選舉區,2,羅永珍,女,041/08/27,62,中國國民黨,其他,是,LO YUNG CHEN,臺灣省
臺中市第5選舉區,3,吳顯森,男,048/03/16,55,中國國民黨,碩士,是,Wu Xia Sen,臺中市
臺中市第5選舉區,4,張立傑,男,034/10/15,69,無,大學,否,CHANG LIG JYE,臺中市
臺中市第5選舉區,5,林竹旺,男,050/11/04,53,無,專科,否,Lin Chu Wang,臺中市
臺中市第5選舉區,6,蕭隆澤,男,049/04/26,54,民主進步黨,高中,是,HSIAO LUNG CHE,臺中市
臺中市第5選舉區,7,賴朝國,男,052/11/10,51,中國國民黨,高中,是,,臺中市
臺中市第5選舉區,8,許水彬,男,045/03/04,58,民主進步黨,專科,是,,臺中市
臺中市第5選舉區,9,廖述鎮,男,041/09/09,62,民主進步黨,高中,是,LIAO SU CHEN,臺中市
臺中市第6選舉區,1,張廖乃綸,女,067/10/01,36,中國國民黨,大學,是,CHANG LIAO NAI LUN,臺中市
臺中市第6選舉區,2,張廖萬堅,男,054/02/09,49,民主進步黨,大學,是,CHANG LIAO WAN CHIEN,臺中市
臺中市第6選舉區,3,黃馨慧,女,045/11/27,58,中國國民黨,碩士,是,HUANG HSING HUI,臺中市
臺中市第6選舉區,4,楊正中,男,043/06/30,60,中國國民黨,大學,是,YANG CHENG CHUNG,臺中市
臺中市第6選舉區,5,李孝儒,男,065/01/17,38,民主進步黨,大學,否,Li Siaw Zu,臺中市
臺中市第6選舉區,6,吳春夏,男,043/02/01,60,無,碩士,否,Wu Chuen Shia,臺灣省
臺中市第6選舉區,7,蔡智豪,男,062/04/19,41,無,碩士,否,TSAI JR HAO,臺灣省
臺中市第6選舉區,8,陳淑華,女,059/12/23,43,民主進步黨,大學,是,CHEN SHUHUA,臺中市
臺中市第7選舉區,1,黃淑芬,女,053/01/05,50,無,碩士,否,,臺中市
臺中市第7選舉區,2,朱暖英,女,054/11/30,48,中國國民黨,大學,是,Chu NUAN YING,臺中市
臺中市第7選舉區,3,陳三井,男,040/07/18,63,親民黨,碩士,否,Chen San Ching,臺中市
臺中市第7選舉區,4,江慶洲,男,061/07/02,42,無,大學,否,,臺中市
臺中市第7選舉區,5,劉士州,男,051/09/07,52,中國國民黨,大學,是,LIU SHIH CHOU,臺中市
臺中市第7選舉區,6,黃聖硯,女,051/07/17,52,台灣團結聯盟,高中,否,,高雄市
臺中市第7選舉區,7,張耀中,男,050/12/04,52,民主進步黨,大學,是,Chang Yao chung,臺灣省
臺中市第7選舉區,8,丁振嘉,男,045/01/03,58,中國國民黨,碩士,否,Ting Cheng Chia,臺灣省
臺中市第7選舉區,9,何文海,男,047/08/16,56,民主進步黨,高中,是,HOWEN HAI,臺中市
臺中市第8選舉區,1,沈佑蓮,女,048/09/28,55,中國國民黨,專科,是,Shen Yu Lien,臺中市
臺中市第8選舉區,2,謝明源,男,041/09/03,62,民主進步黨,大學,否,,高雄市
臺中市第8選舉區,3,邱于珊,女,051/02/25,52,親民黨,高中,否,CHIU YU SHAN,高雄市
臺中市第8選舉區,4,蔡雅玲,女,066/03/21,37,民主進步黨,碩士,是,Tsai Ya Ling,臺中市
臺中市第8選舉區,5,張烱春,男,054/03/30,49,台灣團結聯盟,專科,否,,臺中市
臺中市第8選舉區,6,賴順仁,男,058/04/25,45,中國國民黨,碩士,是,LAI SHUN JEN,臺中市
臺中市第8選舉區,7,陳成添,男,052/06/20,51,中國國民黨,專科,是,CHEN CHENG TIEN,臺中市
臺中市第8選舉區,8,曾朝榮,男,050/07/10,53,民主進步黨,碩士,是,Tzeng Chao Jung,臺中市
臺中市第9選舉區,1,陳天汶,男,033/08/25,70,中國國民黨,碩士,是,CHEN TIEN WEN,臺中市
臺中市第9選舉區,2,范淞育,男,050/08/20,53,民主進步黨,碩士,否,Fan Sung Yu,臺中市
臺中市第9選舉區,3,陳政顯,男,052/06/30,51,中國國民黨,碩士,否,CHEN CHENG HSIEN,臺灣省
臺中市第9選舉區,4,林忠勝,男,041/12/21,61,聯合黨,其他,否,,臺灣省
臺中市第9選舉區,5,李涵芸,女,080/06/28,23,樹黨,大學,否,LEE HAN YUN,臺北市
臺中市第9選舉區,6,賴佳微,女,071/06/04,32,民主進步黨,大學,是,LAI CHIA WEI,臺中市
臺中市第10選舉區,1,張宏年,男,041/02/10,62,中國國民黨,碩士,是,CHANG HUNG NIEN,臺中市
臺中市第10選舉區,2,張博威,男,055/05/02,48,親民黨,專科,否,Chang Po Wei,臺灣省
臺中市第10選舉區,3,葉春幸,女,054/12/14,48,無,大學,否,Yeh Chun Hsing,臺灣省
臺中市第10選舉區,4,黃國書,男,053/01/03,50,民主進步黨,碩士,是,HUANG KUO SHU,臺灣省
臺中市第10選舉區,5,洪嘉鴻,男,048/09/12,55,中國國民黨,碩士,是,Hung Chia Hong,臺灣省
臺中市第10選舉區,6,江肇國,男,066/11/01,37,民主進步黨,碩士,否,Chiang Chao kuo,臺中市
臺中市第11選舉區,1,賴建豪,男,070/01/22,33,無,碩士,否,LAI CHIENHAO,臺中市
臺中市第11選舉區,2,鄭功進,男,050/03/06,53,民主進步黨,專科,否,ZHENG GONG JIN,臺中市
臺中市第11選舉區,3,李中,男,048/07/20,55,中國國民黨,大學,是,LEE CHUNG,臺中市
臺中市第11選舉區,4,邱素貞,女,043/10/22,60,民主進步黨,高中,是,CHEN CHIU SU CHEN,臺中市
臺中市第11選舉區,5,何敏誠,男,044/01/07,59,民主進步黨,高中,是,HO MING CHEN,臺中市
臺中市第11選舉區,6,林珮涵,女,053/12/25,49,中國國民黨,大學,是,LIN PEI HAN,臺中市
臺中市第11選舉區,7,顏妏眞,女,063/01/27,40,中國國民黨,大學,否,YEN WEN CHEN,臺中市
臺中市第11選舉區,8,廖興生,男,048/08/19,55,親民黨,碩士,否,liao hsingsheng,臺中市
臺中市第11選舉區,9,蕭良材,男,058/04/15,45,無,碩士,否,HSIAO LIANG TSAI,臺灣省
臺中市第12選舉區,1,何明杰,男,064/07/15,39,民主進步黨,碩士,是,,臺中市
臺中市第12選舉區,2,賴義鍠,男,056/04/24,47,無,碩士,是,LAI YI HUANG,臺灣省
臺中市第12選舉區,3,吳品儀,女,068/10/08,35,無,大學,否,Wu PIN YI,臺灣省
臺中市第12選舉區,4,張玉嬿,女,070/04/17,33,民主進步黨,大學,否,CHANG YU YEN,臺中市
臺中市第12選舉區,5,李麗華,女,042/01/16,61,中國國民黨,碩士,是,Lee Li Hua,臺灣省
臺中市第12選舉區,6,陳展群,男,052/02/09,51,中國國民黨,專科,否,CHEN CHAN CHUN,臺中市
臺中市第12選舉區,7,李昆霖,男,047/10/26,56,無,專科,否,LEE KUN LIN,高雄市
臺中市第13選舉區,1,林志憲,男,065/07/12,38,無,碩士,否,LIN CHIH HSIEN,臺灣省
臺中市第13選舉區,2,謝賢,男,066/04/08,37,民主進步黨,大學,否,HSIEH HSIEN,臺北市
臺中市第13選舉區,3,段緯宇,男,044/02/14,59,親民黨,碩士,是,DUAN WEI YOU,臺中市
臺中市第13選舉區,4,江勝雄,男,028/12/02,74,無,高中,是,CHIANG SHENG HSIUNG,臺中市
臺中市第13選舉區,5,劉錦和,男,045/12/08,57,民主進步黨,高中,是,LIU CHING HO,臺中市
臺中市第13選舉區,6,張芬郁,女,047/07/21,56,民主進步黨,大學,否,CHANG FEN YU,臺中市
臺中市第13選舉區,7,李天生,男,050/07/25,53,民主進步黨,專科,是,LEE TIEN SHENG,臺中市
臺中市第13選舉區,8,張滄沂,男,048/12/24,54,無,其他,是,CHANG TSANG YI,臺中市
臺中市第13選舉區,9,蔡黃金雀,女,041/01/20,62,無,專科,否,TSAI HUANG CHIN CHUEH,臺中市
臺中市第13選舉區,10,林碧秀,女,044/08/18,59,中國國民黨,碩士,否,Lin Pi Hsiu,臺中市
臺中市第13選舉區,11,蘇柏興,男,062/09/27,41,中國國民黨,碩士,否,,臺中市
臺中市第13選舉區,12,林明正,男,041/11/28,62,台灣團結聯盟,高中,否,,臺灣省
臺中市第14選舉區,1,蔡成圭,男,049/02/22,54,民主進步黨,其他,是,TSAI CHENG KUI,臺中市
臺中市第14選舉區,2,蘇慶雲,男,041/04/03,62,中國國民黨,高中,是,SU CHING YUN,臺中市
臺中市第14選舉區,3,冉齡軒,女,055/10/23,48,中國國民黨,專科,否,JAN LIN HSUAN,臺中市
臺中市第15選舉區,1,陳建民,男,051/07/09,52,無,大學,否,,臺灣省
臺中市第15選舉區,2,林沛容,女,047/11/01,56,中國國民黨,其他,否,,臺灣省
臺中市第15選舉區,3,周金龍,男,056/10/19,47,無,高中,否,Chou Jimmy,臺灣省
臺中市第15選舉區,4,陳天斯,男,043/06/12,60,無,碩士,否,Chen Tien Szu,臺灣省
臺中市第15選舉區,5,温建華,男,045/11/02,58,中國國民黨,專科,否,,臺灣省
臺中市第15選舉區,6,洪金福,男,040/09/17,63,親民黨,專科,是,,臺灣省
臺中市第16選舉區,1,朱元宏,男,050/12/31,52,無,大學,否,Chu Yuan Hong,臺灣省
臺中市第16選舉區,2,林榮進,男,036/07/26,67,中國國民黨,大學,是,Lin Jung Chin,臺中市
臺南市第1選舉區,1,劉米山,男,054/01/06,49,民主進步黨,碩士,否,Liu Mi Shan,臺南市
臺南市第1選舉區,2,張世賢,男,042/03/13,61,中國國民黨,高中,是,Chang Shih Hsien,臺南市
臺南市第1選舉區,3,賴美惠,女,047/11/08,56,民主進步黨,大學,是,Lai Mei Hui,臺南市
臺南市第2選舉區,1,趙昆原,男,045/03/26,58,無,高中,是,,臺南市
臺南市第2選舉區,2,顏進仕,男,048/01/25,55,無,高中,否,Yen Jinn Shyh,臺南市
臺南市第2選舉區,3,陳佳琪,女,047/03/05,56,無,高中,否,,臺灣省
臺南市第2選舉區,4,賴惠員,女,050/06/05,53,民主進步黨,碩士,是,Lai Hui Yuan,臺灣省
臺南市第2選舉區,5,蔡育輝,男,048/09/25,55,中國國民黨,碩士,是,,臺南市
臺南市第2選舉區,6,李退之,男,060/05/11,43,民主進步黨,碩士,是,Lee Tuey Chih,高雄市
臺南市第3選舉區,1,侯澄財,男,033/05/15,70,民主進步黨,高中,是,Hou Chen Tsai,臺南市
臺南市第3選舉區,2,陳進財,男,039/09/14,64,中國國民黨,高中,否,Chen Chin Tsai,臺南市
臺南市第3選舉區,3,謝財旺,男,051/05/20,52,無,大學,是,Hsieh Tsai Wang,臺南市
臺南市第4選舉區,1,楊麗玉,女,047/08/13,56,民主進步黨,碩士,是,Yang Teresa,臺灣省
臺南市第4選舉區,2,吳通龍,男,045/03/02,58,民主進步黨,大學,是,Wu Tung Lung,臺南市
臺南市第4選舉區,3,陳文賢,男,033/10/23,70,民主進步黨,高中,是,Chen Wen Hsien,臺南市
臺南市第4選舉區,4,郭秀珠,女,048/09/07,55,無,高中,是,Kuo Hsiu Chu,臺南市
臺南市第4選舉區,5,尤榮智,男,041/08/25,62,中國國民黨,專科,否,,臺南市
臺南市第5選舉區,1,余榮和,男,046/11/20,57,無,大學,否,Yu Jung Ho,臺南市
臺南市第5選舉區,2,蔡蘇秋金,女,050/09/12,53,民主進步黨,大學,是,,臺南市
臺南市第5選舉區,3,陳朝來,男,042/10/10,61,民主進步黨,專科,是,Chen Chao Lai,臺南市
臺南市第5選舉區,4,方一峰,男,053/09/20,50,中國國民黨,專科,否,,臺南市
臺南市第5選舉區,5,蔡秋蘭,女,047/09/15,56,民主進步黨,大學,是,,臺南市
臺南市第6選舉區,1,林志展,男,054/11/28,49,無,其他,否,,臺南市
臺南市第6選舉區,2,李文俊,男,048/01/09,55,中國國民黨,大學,是,,臺南市
臺南市第6選舉區,3,梁順發,男,044/06/12,59,民主進步黨,高中,是,,臺南市
臺南市第7選舉區,1,林全忠,男,043/10/05,60,中國國民黨,大學,是,,臺南市
臺南市第7選舉區,2,姚溪海,男,034/09/03,69,無,高中,否,Yao Si Hi,臺南市
臺南市第7選舉區,3,林志聰,男,063/01/26,40,民主進步黨,大學,是,Lin Chiht Sung,臺南市
臺南市第8選舉區,1,李全教,男,049/02/25,54,中國國民黨,博士,否,Lee Chuan Chiao,臺南市
臺南市第8選舉區,2,王峻潭,男,043/10/25,60,民主進步黨,高中,是,,臺南市
臺南市第9選舉區,1,施重男,男,032/07/24,71,無,其他,是,,臺南市
臺南市第9選舉區,2,陳秋萍,女,053/12/31,49,民主進步黨,大學,是,,臺南市
臺南市第9選舉區,3,李崇智,男,053/10/02,50,無,碩士,否,Lee Chung Chih,臺南市
臺南市第9選舉區,4,郭國文,男,056/03/11,47,民主進步黨,碩士,是,Kuo Kuo Wen,臺南市
臺南市第9選舉區,5,林慶鎭,男,047/06/12,56,無,大學,是,,臺南市
臺南市第9選舉區,6,王敏星,男,054/09/13,49,中國國民黨,碩士,否,Wang Ming Hsin,臺南市
臺南市第9選舉區,7,楊中成,男,047/04/22,56,台灣團結聯盟,大學,否,Yang Chung Chen,臺南市
臺南市第9選舉區,8,李坤煌,男,041/11/05,62,中國國民黨,碩士,是,Lee Kun Huan,臺南市
臺南市第9選舉區,9,林燕祝,女,054/01/14,49,中國國民黨,碩士,是,,臺南市
臺南市第9選舉區,10,林宜瑾,女,058/08/25,45,民主進步黨,碩士,是,Lin I Chin,臺南市
臺南市第9選舉區,11,林阳乙,男,050/04/16,53,無,大學,否,Lin Yang I,臺南市
臺南市第10選舉區,1,劉益昌,男,045/02/08,58,台灣團結聯盟,高中,否,,臺南市
臺南市第10選舉區,2,王錦德,男,046/07/13,57,民主進步黨,大學,是,Wang Jin Te,臺南市
臺南市第10選舉區,3,黃麗招,女,046/06/01,57,中國國民黨,其他,是,Huang Li Chao,臺南市
臺南市第10選舉區,4,林炳利,男,051/09/10,52,無,高中,是,,臺南市
臺南市第10選舉區,5,唐儀靜,女,065/02/09,38,民主進步黨,碩士,否,Tang I Ching,臺南市
臺南市第10選舉區,6,陳進義,男,044/12/03,58,無,大學,否,,臺南市
臺南市第10選舉區,7,郭信良,男,052/08/20,51,民主進步黨,大學,是,Kuo Hsin Liang,臺南市
臺南市第10選舉區,8,郭清華,男,051/06/21,52,民主進步黨,專科,是,,臺南市
臺南市第10選舉區,9,李中岑,女,074/09/01,29,中國國民黨,碩士,否,Lee Chung Tsen,臺北市
臺南市第11選舉區,1,陳怡珍,女,070/03/28,33,民主進步黨,大學,是,Chen Yi Chen,臺南市
臺南市第11選舉區,2,陳麗真,女,053/11/25,50,中國國民黨,大學,否,Chen Li Chen,臺灣省
臺南市第11選舉區,3,唐碧娥,女,049/05/03,54,民主進步黨,大學,是,Tang Pi A,臺南市
臺南市第11選舉區,4,許至椿,男,049/11/10,54,中國國民黨,碩士,是,Shu Chih Tsun,臺灣省
臺南市第11選舉區,5,李宗富,男,056/03/04,47,無,專科,否,Lee Tsung Fu,臺南市
臺南市第11選舉區,6,謝龍介,男,050/10/03,53,中國國民黨,碩士,否,,臺南市
臺南市第12選舉區,1,洪玉鳳,女,038/04/15,65,中國國民黨,碩士,是,,臺南市
臺南市第12選舉區,2,邱莉莉,女,051/11/29,51,民主進步黨,碩士,是,Chiu Li Li,臺南市
臺南市第13選舉區,1,盧崑福,男,054/10/07,49,中國國民黨,大學,是,Lu Kun Fu,臺南市
臺南市第13選舉區,2,李文正,男,048/02/04,55,民主進步黨,其他,是,,臺南市
臺南市第14選舉區,1,陳昌輝,男,061/12/19,41,台灣團結聯盟,碩士,否,Chen Chang Hui,臺南市
臺南市第14選舉區,2,陸美祈,女,060/03/20,43,民主進步黨,碩士,是,Mei Chi Lu,高雄市
臺南市第14選舉區,3,陳金鐘,男,049/11/09,54,民主進步黨,碩士,否,Chen Chin Chung,臺灣省
臺南市第14選舉區,4,曾培雅,女,048/08/18,55,中國國民黨,大學,是,Tseng Pei Ya,臺南市
臺南市第14選舉區,5,潘靜竹,女,044/08/22,59,樹黨,專科,否,Pan Chin Tzu,臺北市
臺南市第14選舉區,6,王家貞,女,046/07/08,57,中國國民黨,大學,否,,臺北市
臺南市第14選舉區,7,蔡旺詮,男,057/09/25,46,民主進步黨,碩士,是,Tsai Wan Chuang,臺南市
臺南市第14選舉區,8,曾順良,男,045/03/21,58,無,專科,是,,臺南市
臺南市第14選舉區,9,陳文科,男,048/03/20,55,中國國民黨,大學,是,,臺南市
臺南市第15選舉區,1,蔡淑惠,女,056/01/22,47,中國國民黨,大學,是,,臺南市
臺南市第15選舉區,2,周明德,男,043/08/02,60,民主進步黨,專科,否,Chou Ming De,臺南市
臺南市第15選舉區,3,林美燕,女,048/01/06,55,中國國民黨,大學,是,Lin Meng Yuan,臺南市
臺南市第15選舉區,4,陳進益,男,043/11/04,60,無,大學,是,Chen Chin Yi,臺南市
臺南市第15選舉區,5,莊玉珠,女,049/10/04,54,民主進步黨,專科,是,,臺南市
臺南市第15選舉區,6,呂維胤,男,070/06/12,33,民主進步黨,碩士,否,Lu Wei Yin,臺南市
臺南市第16選舉區,1,劉正昌,男,044/12/20,58,民主進步黨,專科,否,,臺南市
臺南市第16選舉區,2,杜素吟,女,045/06/06,58,無,大學,是,Tu Su Ying,臺南市
臺南市第16選舉區,3,張伯祿,男,047/10/01,56,無,高中,是,Ching Po Lu,臺南市
臺南市第16選舉區,4,吳禹寰,男,069/08/13,34,無,碩士,否,,臺南市
臺南市第16選舉區,5,曾王雅雲,女,051/06/26,52,民主進步黨,碩士,是,,臺南市
臺南市第16選舉區,6,徐萬仲,男,040/09/16,63,中國國民黨,專科,否,,臺南市
臺南市第16選舉區,7,陳特清,男,046/01/02,57,無,專科,是,,臺南市
臺南市第17選舉區,1,蔡玉枝,女,038/07/17,65,中國國民黨,專科,是,,臺灣省
臺南市第17選舉區,2,陳肇元,男,067/08/16,36,中國國民黨,大學,否,Chen Chao Yuan,臺南市
臺南市第17選舉區,3,李美素,女,058/07/21,45,民主進步黨,高中,否,,臺灣省
臺南市第18選舉區,1,"谷暮・哈就 Kumu Hacyo",女,067/05/28,36,無,碩士,是,,臺南市
臺南市第18選舉區,2,伍宗康,男,067/07/23,36,中國國民黨,高中,否,,臺南市
高雄市第1選舉區,1,劉馨正,男,043/01/01,60,中國國民黨,碩士,否,Liu Shin Jeng,高雄市
高雄市第1選舉區,2,鍾惠美,女,056/06/17,47,無,大學,否,CHUNG HUI MEI,高雄市
高雄市第1選舉區,3,林富寶,男,044/08/02,59,民主進步黨,大學,是,Lin Fu Pao,高雄市
高雄市第1選舉區,4,蕭育穎,女,068/08/04,35,民主進步黨,碩士,否,,高雄市
高雄市第1選舉區,5,鍾盛有,男,041/05/03,62,無,其他,是,CHUNG SHEN YU,高雄市
高雄市第2選舉區,1,張文瑞,男,039/10/20,64,民主進步黨,高中,是,CHANG WEN JUI,高雄市
高雄市第2選舉區,2,陳明澤,男,052/11/09,51,民主進步黨,碩士,是,,高雄市
高雄市第2選舉區,3,蘇琦莉,女,066/08/23,37,中國國民黨,碩士,是,,高雄市
高雄市第2選舉區,4,李長生,男,045/02/11,58,中國國民黨,專科,是,,高雄市
高雄市第3選舉區,1,曾水文,男,049/01/23,54,台灣團結聯盟,專科,否,Tseng Shuei Wen,高雄市
高雄市第3選舉區,2,陸淑美,女,051/11/25,52,中國國民黨,碩士,是,Lu Shu Mei,高雄市
高雄市第3選舉區,3,方信淵,男,054/02/21,49,中國國民黨,碩士,是,FANG HSIN YUAN,高雄市
高雄市第3選舉區,4,盧文峯,男,048/11/17,55,無,高中,否,LU WEN FENG,高雄市
高雄市第3選舉區,5,陳政聞,男,066/06/05,37,民主進步黨,碩士,是,,高雄市
高雄市第3選舉區,6,蔡金河,男,044/02/10,59,中國國民黨,碩士,否,Tsai Chin Ho,高雄市
高雄市第3選舉區,7,高閔琳,女,071/08/03,32,民主進步黨,碩士,否,Kao Minlin,臺北市
高雄市第3選舉區,8,翁瑞珠,女,039/11/12,64,民主進步黨,高中,是,WENG JUI CHU,臺灣省
高雄市第4選舉區,1,李眉蓁,女,068/03/21,35,中國國民黨,碩士,是,,高雄市
高雄市第4選舉區,2,林瑩蓉,女,054/09/24,49,民主進步黨,碩士,是,Lin Ying Jung,臺南市
高雄市第4選舉區,3,周鍾,男,044/07/23,59,中國國民黨,碩士,是,,高雄市
高雄市第4選舉區,4,柳淑芳,女,049/08/30,54,無,高中,否,Lyou Shu Fung,高雄市
高雄市第4選舉區,5,藍星木,男,037/01/02,66,中國國民黨,其他,是,,高雄市
高雄市第4選舉區,6,黃石龍,男,043/06/30,60,無黨團結聯盟,碩士,是,HUANG SHIH LUNG,高雄市
高雄市第4選舉區,7,張豐藤,男,050/04/18,53,民主進步黨,博士,是,Chang Feng Teng,臺灣省
高雄市第4選舉區,8,陳麗珍,女,055/03/23,48,中國國民黨,碩士,是,CHEN LI CHEN,高雄市
高雄市第4選舉區,9,李柏毅,男,066/04/08,37,民主進步黨,碩士,否,Lee Po Yi,高雄市
高雄市第4選舉區,10,陳玫娟,女,051/12/14,51,中國國民黨,碩士,是,CHEN MEI CHUAN,高雄市
高雄市第4選舉區,11,何樹勳,男,069/10/09,34,新黨,大學,否,Ho Shu Hsun,新北市
高雄市第4選舉區,12,黃若桓,男,077/08/10,26,無,大學,否,Huang Jo Huan,高雄市
高雄市第5選舉區,1,何堅心,男,036/10/14,67,無,高中,否,,高雄市
高雄市第5選舉區,2,葉進國,男,043/04/21,60,無,其他,否,YEH CHING KUO,高雄市
高雄市第5選舉區,3,許慧玉,女,056/02/22,47,中國國民黨,碩士,是,HSU HUI YU,高雄市
高雄市第5選舉區,4,林芳如,女,057/01/11,46,民主進步黨,大學,是,Lin Fang Ju,臺灣省
高雄市第5選舉區,5,張勝富,男,061/10/07,42,民主進步黨,大學,否,Chang Sheng Fu,高雄市
高雄市第5選舉區,6,吳利成,男,058/11/08,45,中國國民黨,碩士,是,,高雄市
高雄市第5選舉區,7,王慧玲,女,062/09/21,41,無,碩士,否,Wang Huei Lin,高雄市
高雄市第5選舉區,8,邱俊憲,男,071/02/26,32,民主進步黨,碩士,否,CHIU CHUN HSIEN,臺南市
高雄市第5選舉區,9,沈英章,男,043/03/06,60,民主進步黨,專科,否,SHEN YIN CHANG,高雄市
高雄市第6選舉區,1,簡煥宗,男,062/09/19,41,民主進步黨,碩士,否,Chien Huan Tsung,臺北市
高雄市第6選舉區,2,連立堅,男,052/12/19,50,民主進步黨,碩士,是,Lien Lijen,新北市
高雄市第6選舉區,3,蔡金晏,男,067/03/25,36,中國國民黨,博士,是,TSAI CHIN YEN,高雄市
高雄市第6選舉區,4,劉哲宇,男,078/05/29,25,無,大學,否,LIU CHE YU,高雄市
高雄市第6選舉區,5,李喬如,女,046/06/24,57,民主進步黨,碩士,是,,臺灣省
高雄市第6選舉區,6,陳美雅,女,059/11/12,44,中國國民黨,碩士,是,CHEN MET YA,高雄市
高雄市第6選舉區,7,陳冠銘,男,066/11/20,37,台灣團結聯盟,大學,否,CHEN KUAN MING,高雄市
高雄市第6選舉區,8,郭美伶,女,060/06/22,43,無,高中,否,,高雄市
高雄市第7選舉區,1,鄭新助,男,030/02/21,73,無,其他,是,CHENG HSIN CHU,高雄市
高雄市第7選舉區,2,黃香菽,女,070/10/23,33,中國國民黨,專科,否,HUANG HSIANG SHU,高雄市
高雄市第7選舉區,3,梁益誌,男,071/02/28,32,綠黨,碩士,否,Liang Yi Chih,高雄市
高雄市第7選舉區,4,黃永富,男,049/11/25,54,親民黨,大學,否,,臺灣省
高雄市第7選舉區,5,童燕珍,女,042/11/02,61,中國國民黨,碩士,是,TUNG YEN CHEN,臺灣省
高雄市第7選舉區,6,林家慶,男,069/07/11,34,無,專科,否,,臺南市
高雄市第7選舉區,7,黃柏霖,男,056/10/31,47,中國國民黨,碩士,是,HUANG PO LIN,高雄市
高雄市第7選舉區,8,曾俊傑,男,065/04/09,38,中國國民黨,大學,是,,高雄市
高雄市第7選舉區,9,洪平朗,男,044/07/24,59,民主進步黨,大學,是,,臺灣省
高雄市第7選舉區,10,張美瑛,女,051/09/27,52,無,大學,否,CHANG MEI YING,高雄市
高雄市第7選舉區,11,林進興,男,042/05/12,61,民主進步黨,博士,否,Lin Peter,高雄市
高雄市第7選舉區,12,何權峰,男,069/04/01,34,民主進步黨,大學,否,HO CHUAN FENG,高雄市
高雄市第7選舉區,13,林武忠,男,044/07/18,59,民主進步黨,碩士,是,Lin Low Chung,高雄市
高雄市第7選舉區,14,郭國志,男,037/01/01,66,無,專科,否,Kuo Kuo Chih,臺南市
高雄市第7選舉區,15,康裕成,女,045/03/04,58,民主進步黨,碩士,是,KANG YU CHENG,臺北市
高雄市第7選舉區,16,黃淑美,女,048/01/28,55,台灣團結聯盟,碩士,是,HUANG SHU MEI,高雄市
高雄市第8選舉區,1,黃紹庭,男,059/01/11,44,中國國民黨,碩士,否,HUANG SHAO TING,高雄市
高雄市第8選舉區,2,郭建盟,男,059/07/20,44,民主進步黨,碩士,是,FUO CHIEN MENG,臺北市
高雄市第8選舉區,3,吳益政,男,052/04/04,51,親民黨,碩士,是,Wu Yi Chen,臺灣省
高雄市第8選舉區,4,許崑源,男,046/05/01,57,中國國民黨,高中,是,,高雄市
高雄市第8選舉區,5,王芳萍,女,055/08/02,48,人民民主陣線,碩士,否,Wang Fang Ping,臺灣省
高雄市第8選舉區,6,蕭永達,男,054/06/23,49,民主進步黨,碩士,是,HSIAO YUNG TA,臺灣省
高雄市第8選舉區,7,楊定國,男,051/11/10,52,台灣團結聯盟,碩士,否,Yang Ting Kuo,高雄市
高雄市第8選舉區,8,周玲妏,女,056/12/16,46,民主進步黨,大學,是,CHOU LING WEN,高雄市
高雄市第8選舉區,9,陳若翠,女,058/04/29,45,中國國民黨,碩士,否,CHEN JO TSUI,臺灣省
高雄市第9選舉區,1,楊承翰,男,076/04/03,27,無,大學,否,Yang Cheng Han,臺南市
高雄市第9選舉區,2,徐榮延,男,038/09/02,65,無黨團結聯盟,碩士,是,HSU JUNG YEN,臺灣省
高雄市第9選舉區,3,鄭復華,女,051/08/15,52,親民黨,專科,否,CHENG FU WHU,高雄市
高雄市第9選舉區,4,羅鼎城,男,065/08/05,38,民主進步黨,碩士,否,Lo Ting Cheng,高雄市
高雄市第9選舉區,5,陳慧芬,女,059/11/27,44,台灣團結聯盟,大學,否,CHEN HUI FENG,高雄市
高雄市第9選舉區,6,張漢忠,男,042/10/28,61,民主進步黨,高中,是,,高雄市
高雄市第9選舉區,7,蘇炎城,男,041/01/01,62,民主進步黨,專科,是,,高雄市
高雄市第9選舉區,8,李政憲,男,045/07/02,58,無,高中,否,,高雄市
高雄市第9選舉區,9,楊見福,男,041/12/02,61,無,其他,否,YANG CHIEN FU,高雄市
高雄市第9選舉區,10,羅章福,男,050/01/02,53,無,高中,否,Lo CHANG FU,臺灣省
高雄市第9選舉區,11,陳慧文,女,063/07/28,40,民主進步黨,碩士,是,CHEN HUI WEN,高雄市
高雄市第9選舉區,12,劉德林,男,050/11/07,53,中國國民黨,大學,是,,高雄市
高雄市第9選舉區,13,郭素桃,女,046/08/06,57,無,專科,否,,臺南市
高雄市第9選舉區,14,林景元,男,014/10/19,89,無,專科,否,,高雄市
高雄市第9選舉區,15,陳粹鑾,女,055/12/01,47,中國國民黨,專科,是,CHEN TSUI LUAN,高雄市
高雄市第9選舉區,16,張育華,女,053/10/31,50,人民民主陣線,碩士,否,Chang Yu Hua,高雄市
高雄市第9選舉區,17,李雅靜,女,066/12/24,36,中國國民黨,碩士,是,LI YA CHING,高雄市
高雄市第9選舉區,18,顏曉菁,女,063/02/03,40,民主進步黨,碩士,是,YEN HSIAO CHING,高雄市
高雄市第10選舉區,1,王聖仁,男,049/04/18,54,民主進步黨,高中,否,,臺灣省
高雄市第10選舉區,2,陳信瑜,女,057/11/04,46,民主進步黨,碩士,是,CHEN HSIN YU,高雄市
高雄市第10選舉區,3,鄭光峰,男,055/02/04,48,民主進步黨,碩士,是,CHENG KUANG FENG,臺灣省
高雄市第10選舉區,4,李順進,男,047/10/27,56,無黨團結聯盟,碩士,是,LEE SHUN CHIN,高雄市
高雄市第10選舉區,5,林宛蓉,女,049/08/31,54,民主進步黨,碩士,是,,臺灣省
高雄市第10選舉區,6,蔡武宏,男,067/03/23,36,中國國民黨,大學,否,TSAI WU HUNG,高雄市
高雄市第10選舉區,7,陳麗娜,女,059/03/10,44,中國國民黨,大學,是,,臺灣省
高雄市第10選舉區,8,陳信諭,男,077/06/07,26,無,大學,否,Chen Sin Yu,高雄市
高雄市第10選舉區,9,蕭吉男,男,065/12/23,37,台灣團結聯盟,碩士,否,HSIAO CHI NAN,臺灣省
高雄市第10選舉區,10,曾麗燕,女,042/02/20,61,中國國民黨,碩士,是,TSENG LI YEN,高雄市
高雄市第10選舉區,11,吳銘賜,男,054/12/02,48,民主進步黨,專科,否,,高雄市
高雄市第11選舉區,1,李雨庭,女,062/09/30,41,民主進步黨,其他,否,,臺灣省
高雄市第11選舉區,2,洪秀錦,女,050/03/10,53,中國國民黨,高中,是,HUNG HSIU CHIN,高雄市
高雄市第11選舉區,3,徐瑀岑,女,070/10/01,33,無,大學,否,HSU YU CHEN,高雄市
高雄市第11選舉區,4,韓賜村,男,048/07/06,55,民主進步黨,碩士,是,HAN SZU TSUN,高雄市
高雄市第11選舉區,5,黃天煌,男,051/09/15,52,中國國民黨,專科,是,,高雄市
高雄市第11選舉區,6,王耀裕,男,050/07/14,53,中國國民黨,碩士,否,,高雄市
高雄市第11選舉區,7,蔡昌達,男,059/05/29,44,民主進步黨,碩士,是,Tsai Chang Da,高雄市
高雄市第11選舉區,8,張禾宜,女,048/07/17,55,台灣團結聯盟,碩士,否,Chang He I,高雄市
高雄市第12選舉區,1,"俄鄧‧殷艾 Eteng‧Ingay",男,054/02/24,49,民主進步黨,大學,是,INGAI UHDUNG,臺灣省
高雄市第12選舉區,2,王義雄,男,049/03/20,54,中國國民黨,專科,否,Wang Yixiong,臺灣省
高雄市第13選舉區,1,"柯路加 Istanda Ciban",男,043/05/04,60,中國國民黨,大學,是,Ko Lu Chia,高雄市
高雄市第13選舉區,2,林民傑,男,046/05/17,57,無,高中,否,,高雄市
高雄市第14選舉區,1,"理斷‧搭給嚕嘟嗯 Islituan‧Takiludun",男,051/05/31,52,無,其他,否,Islituan Takiludun,高雄市
高雄市第14選舉區,2,高秀琴,女,043/11/12,60,中國國民黨,大學,否,,臺灣省
高雄市第14選舉區,3,"伊斯坦大‧貝雅夫‧正福 Istanda‧Paingav",男,045/10/01,58,無,大學,是,Istanda Paingav Cengeu,高雄市
高雄市第15選舉區,1,"范織欽 Pasulang‧Tomatalate",男,046/07/29,57,無,碩士,否,FAN CHIH CHIN,高雄市
高雄市第15選舉區,2,唐惠美,女,047/01/01,56,中國國民黨,高中,是,TANG HUI MEI,高雄市
新竹縣第1選舉區,1,楊敬賜,男,042/05/25,61,中國國民黨,碩士,否,YANG CHING CHIH,臺灣省
新竹縣第1選舉區,2,林群森,男,060/03/13,43,無,大學,否,LIN CHUN SEN,臺北市
新竹縣第1選舉區,3,陳見賢,男,049/12/12,53,中國國民黨,專科,是,CHEN CHIEN HSIEN,臺灣省
新竹縣第1選舉區,4,杜文中,男,056/05/05,47,中國國民黨,碩士,否,DU WEN JUNG,臺灣省
新竹縣第1選舉區,5,林為洲,男,050/07/25,53,中國國民黨,大學,是,LIN WEI CHOU,臺灣省
新竹縣第1選舉區,6,蘇明輝,男,042/04/25,61,無,高中,是,SU MING HUI,臺灣省
新竹縣第1選舉區,7,郭鴻德,男,052/05/29,51,民主進步黨,碩士,否,KUO HUNG DE,臺灣省
新竹縣第1選舉區,8,葉芬英,女,052/07/30,51,民主進步黨,高中,是,YEH FEN YIN,臺灣省
新竹縣第1選舉區,9,傅文忠,男,061/09/02,42,中國國民黨,高中,否,,臺北市
新竹縣第1選舉區,10,蔡志環,女,048/08/01,55,中國國民黨,碩士,否,TSAI CHIH HUAN,臺灣省
新竹縣第1選舉區,11,鄭美琴,女,043/04/01,60,無,高中,是,CHEN MAI CHIN,臺灣省
新竹縣第1選舉區,12,高偉凱,男,060/12/30,42,勞動黨,碩士,是,KAO WEI KAI,臺北市
新竹縣第1選舉區,13,邱靖雅,女,061/12/12,41,無,碩士,否,CHIU CHING YA,新北市
新竹縣第1選舉區,14,陳凱榮,男,051/12/24,51,中國國民黨,大學,否,CHEN KAI JUNG,臺灣省
新竹縣第1選舉區,15,林保光,男,050/10/10,53,中國國民黨,大學,是,LIN PO KUANG,臺灣省
新竹縣第2選舉區,1,吳菊花,女,049/10/11,54,中國國民黨,其他,是,WU CHU HUA,臺灣省
新竹縣第2選舉區,2,甄克堅,男,059/10/18,44,中國國民黨,碩士,否,,臺灣省
新竹縣第2選舉區,3,吳淑君,女,060/12/07,42,中國國民黨,其他,是,WU SHU CHUN,臺灣省
新竹縣第2選舉區,4,黃永傳,男,034/11/23,69,中國國民黨,高中,是,HUANG YUNG TSUAN,臺灣省
新竹縣第2選舉區,5,陳栢維,男,054/09/08,49,無,碩士,是,CHEN PAI WEI,臺灣省
新竹縣第2選舉區,6,張春鳳,女,043/02/23,60,無,高中,否,CHANG CHUN FENG,高雄市
新竹縣第3選舉區,1,鄭清漢,男,048/02/21,55,中國國民黨,高中,是,CHENG CHING HAN,臺灣省
新竹縣第3選舉區,2,羅春蘭,女,051/02/01,52,無,高中,否,LO CHUN LAN,臺灣省
新竹縣第3選舉區,3,黃金樓,男,054/08/31,49,中國國民黨,大學,是,HUANG CHIN LOU,臺灣省
新竹縣第3選舉區,4,張鎮榮,男,041/12/30,61,中國國民黨,高中,否,CHANG CHENG JUNG,臺灣省
新竹縣第3選舉區,5,吳寀璇,女,050/03/05,53,民主進步黨,高中,是,WU TSAI HSUAN,臺灣省
新竹縣第3選舉區,6,吳傳地,男,053/05/16,50,民主進步黨,大學,否,WU CHUAN DI,臺灣省
新竹縣第3選舉區,7,陳林金玉,女,047/09/12,56,無,大學,否,CHEN LIN CHIN YU,臺灣省
新竹縣第4選舉區,1,陳玉蟾,女,047/04/25,56,無,大學,否,CHEN YU CHAN,臺灣省
新竹縣第4選舉區,2,劉良彬,男,049/11/05,54,中國國民黨,大學,是,LIU LIANG BIN,臺灣省
新竹縣第4選舉區,3,嚴永秋,男,038/10/06,65,無,高中,是,YEN YUNG CHIU,臺灣省
新竹縣第4選舉區,4,羅吉燾,男,036/12/15,66,無,高中,否,LO CHI TAO,臺灣省
新竹縣第5選舉區,1,楊連湧,男,033/11/28,70,無,其他,否,YANG LIEN YEONG,臺灣省
新竹縣第5選舉區,2,范曰富,男,049/12/21,53,中國國民黨,專科,否,FAN YUEH FU,臺灣省
新竹縣第5選舉區,3,賴江海,男,047/08/18,56,中國國民黨,專科,否,LAI CHIANG HAI,臺灣省
新竹縣第5選舉區,4,張玟源,男,051/06/23,52,無,專科,否,,新北市
新竹縣第6選舉區,1,張志弘,男,048/10/10,55,中國國民黨,碩士,是,CHANG CHIH HUNG,臺灣省
新竹縣第6選舉區,2,温文結,男,037/10/19,66,無,其他,否,WEN WEN JIE,臺灣省
新竹縣第6選舉區,3,蔡維邦,男,029/10/29,74,無,大學,否,TSAI WEI PANG,臺灣省
新竹縣第7選舉區,1,林政良,男,041/10/18,62,中國國民黨,專科,是,LIN CHENG LIANG,臺灣省
新竹縣第8選舉區,1,林昭錡,男,049/02/22,54,民主進步黨,大學,否,LIN CHAO CHI,臺灣省
新竹縣第8選舉區,2,羅吉祥,男,046/08/20,57,中國國民黨,專科,是,LO CHI HSIANG,臺灣省
新竹縣第8選舉區,3,彭余美玲,女,052/05/05,51,無,專科,否,,臺灣省
新竹縣第8選舉區,4,周江杰,男,069/07/15,34,綠黨,碩士,否,CHOU CHIANG CHIEH,臺灣省
新竹縣第8選舉區,5,黃秀龍,男,049/06/02,54,無,高中,否,,臺灣省
新竹縣第8選舉區,6,郭遠彰,男,048/12/02,54,中國國民黨,碩士,是,Kuo Y UAN Chang,臺灣省
新竹縣第8選舉區,7,彭怡君,女,078/04/12,25,無,大學,否,,臺灣省
新竹縣第8選舉區,8,上官秋燕,女,046/10/28,57,中國國民黨,高中,是,SHANG KUAN CHIU YAN,新北市
新竹縣第8選舉區,9,吳勝松,男,046/10/22,57,中國國民黨,高中,是,WU SHENG SUNG,臺灣省
新竹縣第8選舉區,10,林思銘,男,055/03/16,48,中國國民黨,大學,是,LIN SZU MING,臺灣省
新竹縣第8選舉區,11,劉珈愷,男,049/12/01,53,中國國民黨,專科,否,LIU CHIA KAI,臺灣省
新竹縣第9選舉區,1,邱振瑋,男,063/12/26,39,無,碩士,是,CHIU CHEN WEI,臺灣省
新竹縣第10選舉區,1,陳正順,男,043/12/28,59,中國國民黨,高中,是,CHEN CHENG SHUN,臺灣省
新竹縣第10選舉區,2,彭紹松,男,042/02/12,61,無,高中,否,PENG SHAO SUNG,臺灣省
新竹縣第10選舉區,3,彭進添,男,054/02/27,49,無,專科,否,PENG CHIN TIEN,臺灣省
新竹縣第11選舉區,1,彭文彬,男,051/12/01,51,無,高中,否,,臺灣省
新竹縣第11選舉區,2,林光榮Kuying.Kalang,男,044/02/09,59,中國國民黨,專科,是,,臺灣省
新竹縣第12選舉區,1,黃比德,男,060/04/13,43,中國國民黨,高中,否,HUANG BI TE,臺灣省
新竹縣第12選舉區,2,柔夏‧布待Rosya.Butay,男,047/06/16,56,無,其他,否,Rosya.Butay,臺灣省
新竹縣第12選舉區,3,雲翔,男,053/07/07,50,無,專科,否,,臺灣省
新竹縣第12選舉區,4,范坤松,男,034/05/07,69,中國國民黨,高中,否,FAN KUN SUNG,臺灣省
新竹縣第13選舉區,1,趙一先Obay a Awi’,男,054/09/05,49,中國國民黨,碩士,是,CHAO I HSIEN,臺灣省
新竹縣第13選舉區,2,張定中,男,052/06/25,51,無,其他,否,CHANG TING CHUNG,臺灣省
新竹縣第13選舉區,3,凱撒巴燕,男,050/06/11,53,民主進步黨,其他,否,,臺灣省
苗栗縣第1選舉區,1,禹耀東,男,047/12/05,55,中國國民黨,碩士,是,,臺灣省
苗栗縣第1選舉區,2,謝文禓,男,064/11/20,39,無,大學,否,,臺灣省
苗栗縣第1選舉區,3,涂月華,女,058/01/24,45,無,專科,否,,臺灣省
苗栗縣第1選舉區,4,傅學煥,男,046/04/18,57,無,專科,是,,臺灣省
苗栗縣第1選舉區,5,陳建成,男,066/07/15,37,無,大學,否,,臺灣省
苗栗縣第1選舉區,6,鄭碧玉,女,045/03/15,58,中國國民黨,高中,是,,臺灣省
苗栗縣第1選舉區,7,呂明亮,男,047/10/29,56,無,高中,否,,臺灣省
苗栗縣第1選舉區,8,謝雷,男,048/11/25,55,無,高中,否,,臺灣省
苗栗縣第1選舉區,9,張志宇,男,065/08/24,38,中國國民黨,碩士,否,,臺灣省
苗栗縣第1選舉區,10,邱鎮軍,男,060/12/07,42,無,高中,否,,臺灣省
苗栗縣第1選舉區,11,湯維岳,男,037/02/12,66,無,高中,否,,臺灣省
苗栗縣第1選舉區,12,詹運喜,男,051/09/10,52,民主進步黨,大學,是,,臺灣省
苗栗縣第1選舉區,13,許櫻萍,女,065/09/11,38,民主進步黨,專科,否,,高雄市
苗栗縣第1選舉區,14,胡忠勇,男,032/11/10,71,無,其他,是,,臺灣省
苗栗縣第1選舉區,15,孫素娥,女,043/07/18,60,中國國民黨,高中,是,,臺灣省
苗栗縣第1選舉區,16,徐集明,男,059/11/02,44,中國國民黨,高中,否,,臺灣省
苗栗縣第2選舉區,1,羅貴星,男,050/12/15,52,民主進步黨,碩士,否,,臺灣省
苗栗縣第2選舉區,2,黎旭欽,男,032/08/17,71,中國國民黨,高中,是,,臺灣省
苗栗縣第2選舉區,3,謝文俊,男,045/08/01,58,無,其他,否,,臺灣省
苗栗縣第2選舉區,4,張家靜,女,048/12/25,54,中國國民黨,高中,是,,臺灣省
苗栗縣第2選舉區,5,韓茂賢,男,042/03/01,61,中國國民黨,高中,是,,臺灣省
苗栗縣第3選舉區,1,李聰祥,男,048/10/21,55,無,其他,是,,臺灣省
苗栗縣第3選舉區,2,邱紹俊,男,033/12/16,69,無,高中,是,,臺灣省
苗栗縣第3選舉區,3,張太陽,男,042/12/21,60,無,其他,是,,臺灣省
苗栗縣第3選舉區,4,周玉滿,女,051/10/20,52,無,專科,否,,臺灣省
苗栗縣第3選舉區,5,劉秋東,男,053/05/20,50,中國國民黨,專科,是,,臺灣省
苗栗縣第3選舉區,6,呂木鈿,男,041/11/12,62,中國國民黨,高中,否,,臺灣省
苗栗縣第3選舉區,7,劉寶鈴,女,058/01/02,45,無,高中,是,,臺灣省
苗栗縣第4選舉區,1,陳明朝,男,041/04/13,62,中國國民黨,專科,是,,臺灣省
苗栗縣第4選舉區,2,林寶珠,女,040/02/14,63,中國國民黨,高中,是,,臺灣省
苗栗縣第4選舉區,3,翁寶桂,女,054/12/11,48,無,博士,否,,新北市
苗栗縣第4選舉區,4,劉順松,男,041/12/01,61,民主進步黨,專科,否,,臺灣省
苗栗縣第4選舉區,5,林一方,男,054/11/12,49,樹黨,其他,否,,臺灣省
苗栗縣第4選舉區,6,謝芳紋,女,064/08/20,39,民主進步黨,大學,是,,臺北市
苗栗縣第4選舉區,7,黃聲全,男,041/07/11,62,無,專科,否,,臺灣省
苗栗縣第4選舉區,8,蕭國清,男,059/09/13,44,無,專科,否,,臺灣省
苗栗縣第4選舉區,9,廖英利,女,042/07/14,61,中國國民黨,專科,否,,臺灣省
苗栗縣第4選舉區,10,連森裕,男,057/04/15,46,無,碩士,否,,臺灣省
苗栗縣第4選舉區,11,陳沅榜,男,078/09/27,25,無,高中,否,,臺灣省
苗栗縣第4選舉區,12,謝端容,女,046/07/10,57,無,碩士,是,,臺灣省
苗栗縣第4選舉區,13,林洧鋅,男,062/12/15,40,無,專科,否,,臺灣省
苗栗縣第4選舉區,14,鄭秋風,男,047/11/18,56,中國國民黨,大學,是,,臺灣省
苗栗縣第4選舉區,15,陳碧華,女,043/05/18,60,中國國民黨,碩士,是,,臺灣省
苗栗縣第4選舉區,16,李文斌,男,062/02/16,41,中國國民黨,專科,是,,臺灣省
苗栗縣第5選舉區,1,游忠鈿,男,043/11/26,60,中國國民黨,大學,是,,臺灣省
苗栗縣第5選舉區,2,陳永賢,男,045/07/26,58,中國國民黨,高中,是,,臺灣省
苗栗縣第5選舉區,3,羅雪珠,女,047/02/08,56,無,專科,是,,臺灣省
苗栗縣第5選舉區,4,陳漢清,男,066/04/17,37,中國國民黨,大學,否,,臺灣省
苗栗縣第5選舉區,5,陳光軒,男,074/10/10,29,民主進步黨,大學,否,,臺灣省
苗栗縣第5選舉區,6,邱秋琴,女,047/09/19,56,無,高中,是,,臺灣省
苗栗縣第5選舉區,7,張淑芬,女,060/12/21,42,無,專科,否,,新北市
苗栗縣第5選舉區,8,鍾東錦,男,052/01/02,51,無,高中,否,,臺灣省
苗栗縣第5選舉區,9,彭宇綸,男,042/03/16,61,無,大學,否,,臺灣省
苗栗縣第5選舉區,10,李貴富,男,059/06/17,44,民主進步黨,大學,是,,臺灣省
苗栗縣第5選舉區,11,鍾褔貴,男,051/10/06,52,中國國民黨,碩士,是,,臺中市
苗栗縣第6選舉區,1,陳春暖,女,053/03/09,50,民主進步黨,其他,否,,臺灣省
苗栗縣第6選舉區,2,楊慶汶,男,040/11/25,63,無,其他,是,,臺灣省
苗栗縣第6選舉區,3,楊恭林,男,050/06/28,53,無,高中,是,,臺灣省
苗栗縣第6選舉區,4,徐欽鴻,男,045/06/06,58,無,高中,是,,臺灣省
苗栗縣第7選舉區,1,潘秋榮,男,045/09/12,58,中國國民黨,碩士,是,,臺灣省
苗栗縣第8選舉區,1,林國雄,男,046/05/23,57,無,大學,否,,臺灣省
苗栗縣第8選舉區,2,黃月娥,女,046/07/08,57,中國國民黨,高中,是,,臺灣省
彰化縣第1選舉區,1,林世賢,男,048/06/01,55,民主進步黨,專科,否,LIN SHIH SIAN,臺灣省
彰化縣第1選舉區,2,許原龍,男,051/03/28,52,中國國民黨,其他,是,SHEU YUAN LDNG,臺灣省
彰化縣第1選舉區,3,唐鎮林,男,031/08/11,72,中國國民黨,專科,是,TAN CHEN LIN,臺灣省
彰化縣第1選舉區,4,白玉如,女,057/06/30,46,中國國民黨,大學,否,PAI YU RU,臺灣省
彰化縣第1選舉區,5,黃育寬,男,045/02/02,58,民主進步黨,專科,是,HUANG YU KUAN,臺灣省
彰化縣第1選舉區,6,黃秀芳,女,060/11/10,43,民主進步黨,大學,是,,臺灣省
彰化縣第1選舉區,7,陳蔣秀美,女,050/03/13,53,中國國民黨,大學,否,CHENCHIANG HSIU MEI,臺灣省
彰化縣第1選舉區,8,吳俊緯,男,069/06/26,34,無,專科,否,WU CHUNG WEI,臺灣省
彰化縣第1選舉區,9,葉孟家,男,066/11/24,37,民主進步黨,碩士,否,,臺灣省
彰化縣第1選舉區,10,張東正,男,058/05/13,45,無,碩士,是,CHANG TUNG CHENG,臺灣省
彰化縣第1選舉區,11,林茂明,男,047/07/25,56,無,高中,是,LIN MAO MING,臺灣省
彰化縣第1選舉區,12,楊經國,男,050/12/24,52,無,專科,否,YOUNG CHING KOAU,臺灣省
彰化縣第1選舉區,13,張瀚天,男,057/09/05,46,無,其他,否,,臺灣省
彰化縣第1選舉區,14,林維浩,男,058/07/18,45,民主進步黨,碩士,是,LIN WEI HAO,臺灣省
彰化縣第1選舉區,15,黃千宴,女,061/12/26,41,中國國民黨,碩士,是,HUANG CHIEN YEN,臺灣省
彰化縣第1選舉區,16,顧文東,男,053/12/01,49,無,高中,否,KU WEN TUNG,臺灣省
彰化縣第1選舉區,17,陳俊佑,男,075/02/28,28,無,大學,否,CHEN CHV NYU,臺灣省
彰化縣第1選舉區,18,黃玉芬,女,071/11/10,32,無,碩士,否,HUANG YU FEN,臺灣省
彰化縣第1選舉區,19,賴岸璋,男,053/11/27,50,民主進步黨,碩士,是,LAI AN CHANG,臺灣省
彰化縣第1選舉區,20,陳冠鴻,男,055/11/07,48,無,專科,否,CHEN KUAN HUNG,臺灣省
彰化縣第1選舉區,21,曾世勇,男,049/03/18,54,中國國民黨,碩士,是,TSENG SHIH YUNG,臺灣省
彰化縣第1選舉區,22,王文東,男,047/11/25,56,台灣團結聯盟,高中,否,WANG WEN TUNG,臺灣省
彰化縣第1選舉區,23,顧黃水花,女,042/01/20,61,中國國民黨,其他,是,,臺灣省
彰化縣第2選舉區,1,楊竣程,男,064/12/01,38,中國國民黨,高中,是,YANG CHUN CHEN,臺灣省
彰化縣第2選舉區,2,粘勝傑,男,053/01/26,50,無,碩士,否,NIEN SHENG CHIEH,臺灣省
彰化縣第2選舉區,3,陳秀寳,女,061/10/11,42,民主進步黨,大學,是,CHEN HSIU PAO,臺灣省
彰化縣第2選舉區,4,施性鍾,男,041/07/17,62,中國國民黨,其他,否,SHIH SING JHONG,臺灣省
彰化縣第2選舉區,5,葉國雄,男,055/06/04,48,民主進步黨,高中,否,YEH KUO HSIUNG,臺灣省
彰化縣第2選舉區,6,林士堅,男,059/09/29,44,民主進步黨,大學,否,,臺灣省
彰化縣第2選舉區,7,鄭敬議,男,063/11/19,40,無,專科,否,ZHENG JING YI,臺灣省
彰化縣第2選舉區,8,林聖哲,男,042/03/10,61,中國國民黨,高中,是,,臺灣省
彰化縣第2選舉區,9,凃淑媚,女,053/04/05,50,中國國民黨,專科,是,,臺灣省
彰化縣第2選舉區,10,郭國賓,男,055/08/09,48,無,其他,否,KUO KUO PIN,臺灣省
彰化縣第3選舉區,1,賴清美,女,050/12/20,52,民主進步黨,高中,是,LAI CHING MEI,臺灣省
彰化縣第3選舉區,2,蕭文雄,男,047/09/25,56,中國國民黨,其他,否,HSIAO WEN HSIUNG,臺灣省
彰化縣第3選舉區,3,林宗翰,男,058/03/22,45,無,高中,否,LIN CHUNG HAN,臺灣省
彰化縣第3選舉區,4,王國忠,男,051/06/06,52,民主進步黨,高中,否,WANG KUO CHUNG,臺中市
彰化縣第3選舉區,5,尤瑞春,女,051/05/05,52,民主進步黨,大學,是,YU JUI CHUN,臺灣省
彰化縣第3選舉區,6,黃寶隆,男,050/06/26,53,無,其他,是,HUANG BAO LONG,臺灣省
彰化縣第3選舉區,7,陳錦玉,女,042/08/29,61,中國國民黨,其他,是,CHEN JIN YU,臺中市
彰化縣第3選舉區,8,柯振杯,男,049/01/20,54,中國國民黨,其他,是,,臺灣省
彰化縣第3選舉區,9,林庚壬,男,051/06/13,52,中國國民黨,高中,否,LIN KENG JEN,臺灣省
彰化縣第4選舉區,1,黃正盛,男,067/09/19,36,中國國民黨,高中,否,,臺灣省
彰化縣第4選舉區,2,彭國成,男,045/02/20,58,民主進步黨,其他,否,PENG KUO CHENG,臺灣省
彰化縣第4選舉區,3,葉麗娟,女,043/12/19,59,中國國民黨,高中,是,,臺灣省
彰化縣第4選舉區,4,江瑞演,男,042/10/17,61,民主進步黨,高中,是,CHIANG JUI YEN,臺灣省
彰化縣第4選舉區,5,張仁城,男,050/06/02,53,中國國民黨,專科,否,CHANG JEN CHENG,臺灣省
彰化縣第4選舉區,6,游振雄,男,051/02/08,52,中國國民黨,專科,是,YU CHEN HSIUNG,臺灣省
彰化縣第4選舉區,7,劉惠娟,女,061/03/08,42,中國國民黨,碩士,否,LIU HUI CHUAN,臺灣省
彰化縣第4選舉區,8,張素芬,女,048/07/15,55,無,高中,否,CHANG SHU FEN,臺灣省
彰化縣第4選舉區,9,張雪如,女,055/05/13,48,無,大學,是,CHANG HSUEH JU,臺灣省
彰化縣第4選舉區,10,曹嘉豪,男,070/11/05,33,中國國民黨,專科,否,TSAO CHIA HAO,臺灣省
彰化縣第4選舉區,11,邱方銘,男,050/01/10,53,無,高中,否,CHIU FANG MING,臺灣省
彰化縣第4選舉區,12,陳秋蓉,女,055/07/17,48,民主進步黨,專科,否,CHEN CHIV JUNG,臺灣省
彰化縣第4選舉區,13,凃俊任,男,067/08/01,36,中國國民黨,碩士,否,TU CHUN JEN,臺灣省
彰化縣第4選舉區,14,賴澤民,男,073/11/02,30,民主進步黨,大學,否,LAI TSE MING,臺灣省
彰化縣第5選舉區,1,蔡福祿,男,054/11/14,49,中國國民黨,大學,否,TASI FU LU,臺灣省
彰化縣第5選舉區,2,張永泉,男,045/03/25,58,無,其他,是,,臺灣省
彰化縣第5選舉區,3,李清木,男,061/09/19,42,民主進步黨,高中,否,,臺灣省
彰化縣第5選舉區,4,楊淑鳯,女,047/03/29,56,中國國民黨,高中,否,FANG SHU FENG,臺灣省
彰化縣第5選舉區,5,張春洋,男,049/06/26,54,無,其他,否,CHANG CHUN YANG,臺灣省
彰化縣第5選舉區,6,歐陽蓁珠,女,044/12/10,58,民主進步黨,高中,是,OU YANG CHEN CHU,臺灣省
彰化縣第5選舉區,7,陳文漢,男,050/12/30,52,中國國民黨,碩士,否,CHEN WEN HAN,臺灣省
彰化縣第5選舉區,8,陳重嘉,男,070/01/19,33,無,大學,是,CHEN CHUNG CHIA,臺灣省
彰化縣第6選舉區,1,劉景滄,男,059/02/25,44,無,高中,否,LIN CHING TSANG,臺灣省
彰化縣第6選舉區,2,許書維,男,062/03/26,41,民主進步黨,專科,否,HSU SHU WEI,臺灣省
彰化縣第6選舉區,3,鄭俊雄,男,050/01/22,53,中國國民黨,碩士,否,CHENG CHUN HSIUNG,臺灣省
彰化縣第6選舉區,4,蕭淑芬,女,057/05/15,46,無,專科,是,,臺灣省
彰化縣第6選舉區,5,蕭如意,男,044/06/10,59,中國國民黨,高中,否,,臺灣省
彰化縣第6選舉區,6,蕭智程,男,053/10/14,50,民主進步黨,碩士,否,HSIAO CHIH CHENG,臺灣省
彰化縣第6選舉區,7,陳正忠,男,060/09/02,43,無,高中,否,CHEN CHENG CHUNG,臺灣省
彰化縣第7選舉區,1,謝典霖,男,068/08/16,35,中國國民黨,碩士,是,HSIEH DIEN LIN,臺灣省
彰化縣第7選舉區,2,劉淑芳,女,048/08/02,55,中國國民黨,碩士,是,LIN SHU FANG,臺灣省
彰化縣第7選舉區,3,李俊諭,男,047/05/23,56,民主進步黨,專科,是,LEE JENERA,臺灣省
彰化縣第7選舉區,4,洪見洲,男,022/08/24,81,無,專科,否,HUNG CHIAN CHOU,臺灣省
彰化縣第7選舉區,5,李浩誠,男,062/09/25,41,中國國民黨,大學,是,LEE HOW TSEN,臺灣省
彰化縣第7選舉區,6,江熊一楓,女,041/06/11,62,民主進步黨,大學,是,CHIANG SHUNG E FUI,臺灣省
彰化縣第8選舉區,1,吳淑娟,女,044/11/10,59,無,高中,是,WU SHU JIUAN,臺灣省
彰化縣第8選舉區,2,洪遊江,男,047/03/15,56,台灣民族黨,專科,否,,臺灣省
彰化縣第8選舉區,3,蔡金蓮,女,044/10/26,59,無,高中,否,,臺南市
彰化縣第8選舉區,4,謝彥慧,女,063/03/25,40,中國國民黨,碩士,否,SHIEH YEN HUEI,臺灣省
彰化縣第8選舉區,5,陳光輝,男,044/05/16,59,無,高中,否,,臺灣省
彰化縣第8選舉區,6,林清彬,男,050/01/06,53,無,高中,否,LIN CHING PIN,臺灣省
彰化縣第8選舉區,7,洪宗熠,男,058/01/27,45,民主進步黨,碩士,是,,臺灣省
彰化縣第8選舉區,8,陳一惇,男,063/11/30,39,中國國民黨,大學,是,CHEN YI TUN,臺灣省
彰化縣第9選舉區,1,陳榮妹,女,052/02/10,51,中國國民黨,高中,是,,臺灣省
彰化縣第9選舉區,2,謝香美,女,049/07/02,54,無,其他,否,HSIEH HSIANG MEI,臺灣省
彰化縣第9選舉區,3,張新男,男,050/03/15,53,無,高中,否,,臺灣省
南投縣第1選舉區,1,李添興,男,044/03/20,59,無,其他,是,,臺灣省
南投縣第1選舉區,2,劉宜成,男,051/04/01,52,中國國民黨,專科,否,,臺灣省
南投縣第1選舉區,3,洪明科,男,060/08/27,43,無,專科,否,,臺灣省
南投縣第1選舉區,4,莊文斌,男,045/05/26,58,中國國民黨,高中,是,,臺灣省
南投縣第1選舉區,5,林憶如,女,065/02/20,38,中國國民黨,碩士,是,,臺灣省
南投縣第1選舉區,6,張維華,男,060/07/17,43,中國國民黨,碩士,否,,臺灣省
南投縣第1選舉區,7,羅美玲,女,058/05/01,45,無,碩士,否,,其他省市
南投縣第1選舉區,8,于秀英,女,054/07/17,49,無,其他,是,,臺灣省
南投縣第1選舉區,9,曾振炎,男,050/04/01,53,中國國民黨,高中,否,,臺灣省
南投縣第1選舉區,10,洪志杰,男,061/11/25,42,無,大學,否,,臺灣省
南投縣第1選舉區,11,王永慶,男,051/10/24,52,大道人民黨,高中,否,,臺灣省
南投縣第1選舉區,12,賴燕雪,女,053/04/18,50,民主進步黨,碩士,是,,臺灣省
南投縣第1選舉區,13,陳翰立,男,068/08/29,35,民主進步黨,其他,是,,臺中市
南投縣第1選舉區,14,張龍木,男,059/03/25,44,無,高中,否,,臺灣省
南投縣第1選舉區,15,游宏達,男,058/06/23,45,無,高中,是,,臺灣省
南投縣第1選舉區,16,蕭文進,男,052/05/28,51,台灣團結聯盟,高中,否,,臺灣省
南投縣第1選舉區,17,蔡宗智,男,068/08/23,35,無,專科,否,,臺灣省
南投縣第2選舉區,1,陳國大,男,043/01/03,60,無,碩士,否,,臺灣省
南投縣第2選舉區,2,洪盛雄,男,031/08/04,72,無,高中,否,,臺灣省
南投縣第2選舉區,3,簡景賢,男,048/12/23,54,中國國民黨,高中,是,,臺灣省
南投縣第2選舉區,4,黃文君,女,056/08/25,47,無,專科,否,,臺灣省
南投縣第2選舉區,5,侯嘉芳,女,071/09/02,32,無,高中,否,,臺灣省
南投縣第2選舉區,6,莊清南,男,047/01/08,56,中國國民黨,大學,否,,臺灣省
南投縣第2選舉區,7,廖宜賢,男,039/08/22,64,中國國民黨,高中,是,,臺灣省
南投縣第2選舉區,8,賴忠政,男,051/05/10,52,無,高中,否,,臺灣省
南投縣第2選舉區,9,林永鴻,男,059/07/01,44,民主進步黨,碩士,是,,臺灣省
南投縣第2選舉區,10,廖梓佑,女,047/11/30,55,民主進步黨,大學,是,,臺灣省
南投縣第2選舉區,11,簡峻庭,男,042/02/01,61,無,專科,否,,臺灣省
南投縣第2選舉區,12,簡賜勝,男,056/03/01,47,無,高中,否,,臺灣省
南投縣第2選舉區,13,李銀滄,男,045/09/14,58,無,碩士,否,,臺灣省
南投縣第2選舉區,14,李洲忠,男,051/12/15,51,中國國民黨,專科,否,,臺灣省
南投縣第2選舉區,15,簡献清,男,039/05/18,64,無,專科,否,,臺灣省
南投縣第2選舉區,16,吳瑞耀,男,039/08/26,64,無,碩士,否,,臺灣省
南投縣第3選舉區,1,蕭志全,男,052/05/19,51,中國國民黨,高中,否,,臺灣省
南投縣第3選舉區,2,陳淑惠,女,046/12/25,56,中國國民黨,專科,是,,臺灣省
南投縣第3選舉區,3,謝明謀,男,039/04/15,64,中國國民黨,專科,是,,臺灣省
南投縣第3選舉區,4,楊孟學,男,074/10/19,29,無,高中,否,,臺灣省
南投縣第3選舉區,5,陳昭煜,男,051/11/14,52,民主進步黨,碩士,是,,臺灣省
南投縣第4選舉區,1,許耿禎,男,068/04/04,35,無,碩士,否,,臺灣省
南投縣第4選舉區,2,林育正,男,040/03/18,63,無,高中,否,,臺灣省
南投縣第4選舉區,3,林明輝,男,048/07/18,55,無,專科,否,,臺灣省
南投縣第4選舉區,4,蔡宜助,男,068/05/30,35,中國國民黨,大學,是,,臺灣省
南投縣第4選舉區,5,許素霞,女,053/03/10,50,中國國民黨,專科,是,,臺灣省
南投縣第4選舉區,6,蔡孟娥,女,057/10/29,46,無,高中,否,,臺灣省
南投縣第4選舉區,7,何勝豐,男,046/03/12,57,中國國民黨,其他,是,,臺灣省
南投縣第4選舉區,8,游顥,男,072/09/11,31,中國國民黨,碩士,否,,臺灣省
南投縣第4選舉區,9,張志銘,男,052/04/15,51,民主進步黨,大學,否,,臺灣省
南投縣第4選舉區,10,吳瑞芳,女,046/01/08,57,無,高中,是,,臺灣省
南投縣第5選舉區,1,林芳伃,女,051/05/28,52,中國國民黨,碩士,否,,臺灣省
南投縣第5選舉區,2,黃志學,男,035/11/30,67,中國國民黨,專科,是,,臺灣省
南投縣第5選舉區,3,陳永來,男,050/11/15,53,無,高中,否,,臺灣省
南投縣第5選舉區,4,吳國昌,男,044/01/29,59,無,其他,是,,臺灣省
南投縣第5選舉區,5,潘淑玫,女,058/12/19,44,無,高中,否,,臺灣省
南投縣第5選舉區,6,廖志城,男,051/11/11,52,民主進步黨,高中,是,,臺灣省
南投縣第5選舉區,7,邱美玲,女,060/03/01,43,中國國民黨,高中,否,,臺灣省
南投縣第5選舉區,8,許阿甘,女,035/02/01,68,民主進步黨,高中,是,,臺灣省
南投縣第5選舉區,9,曾明雪,女,057/02/20,46,無,其他,否,,新北市
南投縣第5選舉區,10,潘一全,男,059/11/26,44,中國國民黨,大學,是,,臺灣省
南投縣第5選舉區,11,王彩雲,女,051/09/30,52,中國國民黨,專科,是,,臺灣省
南投縣第6選舉區,1,周吳儀君,女,070/02/28,33,無,其他,否,,臺灣省
南投縣第6選舉區,2,石忍漢,男,055/03/14,48,中國國民黨,專科,否,,臺灣省
南投縣第6選舉區,3,阿給拉˙拉哈拜,男,050/12/01,52,中華統一促進黨,高中,否,,臺灣省
南投縣第6選舉區,4,石慶龍,男,044/12/15,58,台灣第一民族黨,大學,否,,臺灣省
南投縣第6選舉區,5,陳宥瑞,男,075/10/30,28,無,大學,否,,臺灣省
南投縣第6選舉區,6,蔡幸子,女,054/01/14,49,中國國民黨,碩士,否,,臺灣省
南投縣第7選舉區,1,史清水,男,039/05/17,64,中國國民黨,大學,是,,臺灣省
南投縣第8選舉區,1,廖文賢,男,036/11/25,67,無,專科,否,,臺灣省
南投縣第8選舉區,2,陳國雄,男,049/02/03,54,中國國民黨,專科,是,,臺灣省
雲林縣第1選舉區,1,鍾明馨,男,055/01/05,48,無,其他,否,,臺灣省
雲林縣第1選舉區,2,李建昇,男,049/02/19,54,民主進步黨,碩士,是,LI CHIEN SHENG,臺灣省
雲林縣第1選舉區,3,王又民,男,063/01/24,40,中國國民黨,碩士,是,WANG YU MIN,臺灣省
雲林縣第1選舉區,4,蘇于珊,女,048/11/09,55,中國國民黨,其他,否,SU YU SHAN,臺南市
雲林縣第1選舉區,5,黃耀煌,男,051/01/07,52,民主進步黨,碩士,是,HUANG YAO HUANG,臺灣省
雲林縣第1選舉區,6,賴淑娞,女,051/06/22,52,中國國民黨,碩士,是,LAI SHWU RAY,臺灣省
雲林縣第1選舉區,7,周秀月,女,045/09/15,58,民主進步黨,碩士,是,CHOU HSIU YUEH,臺灣省
雲林縣第1選舉區,8,林政亨,男,061/11/23,42,台灣團結聯盟,碩士,否,LIN CHENG HENG,臺灣省
雲林縣第1選舉區,9,林岳璋,男,060/07/24,43,無,高中,否,LIN YUEH CHANG,臺灣省
雲林縣第1選舉區,10,邱世文,男,055/06/10,48,無,高中,否,CHIU SHIH WEN,臺灣省
雲林縣第1選舉區,11,林聖爵,男,065/11/25,38,中國國民黨,大學,否,LIN SHENG JUE,臺灣省
雲林縣第1選舉區,12,張凱甯,女,058/12/11,44,無,高中,否,CHANG KAI NING,臺灣省
雲林縣第1選舉區,13,江文登,男,060/01/30,43,民主進步黨,高中,是,CHIANG WEN TENG,臺灣省
雲林縣第1選舉區,14,李建志,男,058/05/26,45,無,碩士,是,,臺灣省
雲林縣第2選舉區,1,吳滄得,男,041/09/20,62,民主進步黨,其他,否,WU TSANG TE,臺灣省
雲林縣第2選舉區,2,沈銘恭,男,055/03/10,48,無,專科,是,SHAN MING GONG,臺灣省
雲林縣第2選舉區,3,王國勝,男,059/09/13,44,無,專科,否,,臺灣省
雲林縣第2選舉區,4,蔡東富,男,048/05/13,55,無,其他,是,TSAI TUNG FU,臺灣省
雲林縣第2選舉區,5,簡慈坊,女,070/07/12,33,無,大學,是,JAIN CI FANG,臺灣省
雲林縣第2選舉區,6,林樹山,男,047/12/01,55,民主進步黨,大學,否,,臺灣省
雲林縣第2選舉區,7,林育鳳,女,054/05/30,49,無,大學,否,LIN YU FENG,臺灣省
雲林縣第2選舉區,8,陳樹吉,男,044/12/10,58,無,高中,是,,臺灣省
雲林縣第2選舉區,9,賴明源,男,053/07/10,50,無,其他,否,,臺灣省
雲林縣第2選舉區,10,李長發,男,040/12/11,62,民主進步黨,專科,否,,臺灣省
雲林縣第2選舉區,11,王秋足,女,043/10/23,60,中國國民黨,高中,是,,臺灣省
雲林縣第3選舉區,1,張麗華,女,045/07/13,58,無,高中,否,CHANG LI HUA,臺灣省
雲林縣第3選舉區,2,黃凱,男,063/02/09,40,無,高中,是,HUANG KAI,臺灣省
雲林縣第3選舉區,3,吳爾夫,男,061/12/20,41,民主進步黨,大學,否,WU ER FU,臺灣省
雲林縣第3選舉區,4,沈宗隆,男,048/04/27,55,中國國民黨,高中,是,SHEN CHUNG LUNG,臺灣省
雲林縣第3選舉區,5,謝翠蓮,女,037/09/21,66,中國國民黨,高中,是,HSIEH TSUI LIEN,臺灣省
雲林縣第3選舉區,6,王士壬,男,040/12/13,62,台灣團結聯盟,高中,是,WANG SHIH JEN,臺灣省
雲林縣第3選舉區,7,黃鈺惠,女,053/02/11,50,無,大學,否,HUANG YU HUI,臺灣省
雲林縣第3選舉區,8,顏旭懋,男,064/09/13,39,民主進步黨,高中,否,YEN SHU MAO,臺灣省
雲林縣第3選舉區,9,陳茂源,男,059/05/31,44,無,其他,否,CHEN MAOYUAN,臺灣省
雲林縣第3選舉區,10,陳瑞雄,男,049/12/08,53,中國國民黨,高中,是,CHEN JUI HSIUNG,臺灣省
雲林縣第3選舉區,11,陳乙辰,男,076/03/10,27,無,大學,否,CHEN YI CHEN,臺灣省
雲林縣第3選舉區,12,許維修,男,065/03/16,38,無,碩士,否,HSU WEI HSIU,臺灣省
雲林縣第3選舉區,13,李錫銘,男,050/10/25,53,台灣團結聯盟,專科,否,LEE XI MING,臺灣省
雲林縣第3選舉區,14,蔡秋敏,女,050/02/06,53,民主進步黨,大學,是,TSAI CHIOU MIN,臺灣省
雲林縣第3選舉區,15,陳俊龍,男,058/07/04,45,無,碩士,是,CHEN CHUN LUNG,臺灣省
雲林縣第3選舉區,16,林新丁,男,041/05/22,62,民主進步黨,碩士,否,LIN HSIN TING,臺灣省
雲林縣第3選舉區,17,沈義隆,男,062/12/04,40,無,高中,否,,臺灣省
雲林縣第4選舉區,1,廖朝魁,男,047/03/10,56,無,高中,否,,臺灣省
雲林縣第4選舉區,2,林丁財,男,054/08/15,49,無,其他,否,,臺灣省
雲林縣第4選舉區,3,廖清祥,男,055/03/01,48,民主進步黨,碩士,是,LIAO CHING HSIANG,臺灣省
雲林縣第4選舉區,4,廖錦珠,女,046/01/10,57,無,高中,是,,臺灣省
雲林縣第4選舉區,5,梁銘忠,男,055/02/10,48,無,高中,否,LIANG MING CHUNG,臺灣省
雲林縣第4選舉區,6,李權展,男,058/04/26,45,無,高中,否,,臺灣省
雲林縣第4選舉區,7,廖秋萍,女,066/05/30,37,民主進步黨,大學,是,,臺灣省
雲林縣第4選舉區,8,蕭澤梧,男,047/02/17,56,民主進步黨,專科,否,,臺灣省
雲林縣第4選舉區,9,李明哲,男,057/10/31,46,中國國民黨,碩士,是,LEE MING CHE,臺灣省
雲林縣第4選舉區,10,王鐵道,男,040/02/08,63,無,大學,是,WANG TINE TAO,臺灣省
雲林縣第5選舉區,1,林建鴻,男,054/03/18,49,無,專科,是,LIN CHIEN HUNG,臺灣省
雲林縣第5選舉區,2,李培元,男,051/12/15,51,無,高中,否,LI PEI YUAN,臺灣省
雲林縣第5選舉區,3,蘇俊豪,男,064/05/23,39,無,碩士,否,SU CHUN HAO,臺灣省
雲林縣第5選舉區,4,林木城,男,045/05/29,58,無,其他,否,,臺灣省
雲林縣第5選舉區,5,張健福,男,059/04/29,44,民主進步黨,其他,否,,臺灣省
雲林縣第5選舉區,6,王清貴,男,029/01/09,74,中國國民黨,其他,是,,臺灣省
雲林縣第5選舉區,7,黃淑鈴,女,050/07/20,53,民主進步黨,高中,否,HUANG SHU LING,臺灣省
雲林縣第5選舉區,8,張素蘭,女,045/05/16,58,無,高中,是,CHANG SHU LAN,新北市
雲林縣第5選舉區,9,林深,男,047/02/27,56,無,碩士,是,LIN SHEN,臺灣省
雲林縣第5選舉區,10,鄭東來,男,044/10/02,59,民主進步黨,碩士,是,CHENG TUNG LAI,臺灣省
雲林縣第5選舉區,11,許志豪,男,062/01/02,41,民主進步黨,高中,否,HSU CHIH HAO,臺灣省
雲林縣第6選舉區,1,蔡岳儒,男,064/09/06,39,民主進步黨,大學,是,TSAI YUEH JU,臺南市
雲林縣第6選舉區,2,翁水上,男,044/03/20,59,無,其他,是,WENG SHUI SHANG,臺灣省
雲林縣第6選舉區,3,王新堯,男,060/07/23,43,無,高中,否,,臺灣省
雲林縣第6選舉區,4,林哲凌,男,052/12/03,50,民主進步黨,大學,是,,臺灣省
雲林縣第6選舉區,5,黃文祥,男,051/12/10,51,無,專科,是,HUANG WEN HSIANG,臺灣省
雲林縣第6選舉區,6,黃勝賢,男,056/03/07,47,無,其他,否,HUANG SHENG HSIEN,臺灣省
雲林縣第6選舉區,7,蔡孟真,女,066/02/16,37,無,大學,是,TSAI MEWG JEAN,臺灣省
雲林縣第6選舉區,8,蕭慧敏,女,049/04/15,54,無,專科,否,HSIAO HUI MING,臺灣省
嘉義縣第1選舉區,1,王啟澧,男,053/11/04,50,中國國民黨,大學,否,WANG CHI LI,臺灣省
嘉義縣第1選舉區,2,董國誠,男,050/09/05,53,無,大學,否,Cheng TUNG Kuo,臺灣省
嘉義縣第1選舉區,3,林沐惠,男,046/11/30,56,民主進步黨,大學,否,,臺灣省
嘉義縣第1選舉區,4,詹琬蓁,女,066/03/22,37,無,大學,否,CHAN WAN CHEN,新北市
嘉義縣第1選舉區,5,陳瑞霖,男,047/05/20,56,民主進步黨,專科,否,CHEN JUI LIN,臺灣省
嘉義縣第1選舉區,6,戴光宗,男,065/05/20,38,民主進步黨,高中,否,TAI KUANG TSUNG,臺灣省
嘉義縣第1選舉區,7,林緗亭,女,071/08/13,32,民主進步黨,碩士,否,LIN HSIANG TING,臺灣省
嘉義縣第1選舉區,8,林寶瓶,男,042/12/10,60,中國國民黨,高中,是,,臺灣省
嘉義縣第1選舉區,9,吳忠原,男,054/11/10,49,無,專科,否,,臺灣省
嘉義縣第2選舉區,1,陳文忠,男,053/11/02,50,無,碩士,否,CHEN WEN CHUNG,臺灣省
嘉義縣第2選舉區,2,林于玲,女,052/02/08,51,中國國民黨,大學,是,LIN YU LING,臺灣省
嘉義縣第2選舉區,3,林山景,男,040/06/20,63,台灣團結聯盟,高中,否,LIN SHAN CHING,臺灣省
嘉義縣第2選舉區,4,黃嘉寬,男,044/07/25,59,民主進步黨,高中,是,HUANG CHYA KUAN,臺灣省
嘉義縣第2選舉區,5,黃芳蘭,女,051/06/02,52,無,大學,否,LUANG FANG LAN,臺灣省
嘉義縣第2選舉區,6,葉孟龍,男,070/11/02,33,民主進步黨,大學,是,YEH MENG LUNG,臺灣省
嘉義縣第2選舉區,7,賴朝崙,男,044/02/13,59,無,高中,是,,臺灣省
嘉義縣第2選舉區,8,陳福成,男,047/08/30,56,無,大學,否,CHEN FU CHENG,臺灣省
嘉義縣第2選舉區,9,馬瑞駿,男,051/05/01,52,無,其他,否,MA JUI CHUN,臺灣省
嘉義縣第2選舉區,10,林秀琴,女,042/10/04,61,民主進步黨,其他,是,LIN HSIU CHIN,臺灣省
嘉義縣第3選舉區,1,陳保仁,男,044/12/24,58,中國國民黨,高中,是,CHEN PAO JEN,臺灣省
嘉義縣第3選舉區,2,簡泰河,男,043/07/01,60,親民黨,大學,否,CHIEN TAI HER,臺灣省
嘉義縣第3選舉區,3,詹金繪,女,046/11/05,57,民主進步黨,高中,是,,臺灣省
嘉義縣第3選舉區,4,葉和平,男,037/12/05,65,民主進步黨,其他,是,,臺灣省
嘉義縣第3選舉區,5,吳思蓉,女,046/08/24,57,中國國民黨,大學,是,,臺灣省
嘉義縣第3選舉區,6,郭芳宜,男,048/02/16,55,民主進步黨,其他,是,KUO FANG YI,臺灣省
嘉義縣第3選舉區,7,何佳容,女,042/01/30,61,無,其他,否,HO CHIA JUNG,臺灣省
嘉義縣第4選舉區,1,李國勝,男,053/12/13,49,中國國民黨,專科,是,LEE KUO SHENG,臺灣省
嘉義縣第4選舉區,2,黃嫈珺,女,072/04/05,31,民主進步黨,大學,是,Huang Ying Chun,臺灣省
嘉義縣第4選舉區,3,龔昆池,男,037/12/02,65,無,大學,否,,臺灣省
嘉義縣第4選舉區,4,黃錦成,男,050/10/30,53,民主進步黨,大學,否,,臺灣省
嘉義縣第4選舉區,5,陳永法,男,051/07/21,52,中國國民黨,專科,是,CHEN YUNG FA,臺灣省
嘉義縣第4選舉區,6,蔡鼎三,男,050/10/12,53,民主進步黨,專科,是,TSAI DING SAN,臺灣省
嘉義縣第4選舉區,7,陳怡岳,男,063/09/21,40,民主進步黨,碩士,是,CHEN YU YUEH,臺灣省
嘉義縣第4選舉區,8,姜梅紅,女,040/05/20,63,無,高中,否,CHIANG MET HUNG,臺南市
嘉義縣第4選舉區,9,蔡奇璋,男,049/01/10,54,中國國民黨,大學,是,TSAI CHI CHANG,臺灣省
嘉義縣第5選舉區,1,黃金茂,男,044/05/24,59,中國國民黨,高中,否,HUANG CHIN MAO,臺灣省
嘉義縣第5選舉區,2,蔡瑋傑,男,067/06/07,36,民主進步黨,大學,否,TSAI WEI CHICH,臺南市
嘉義縣第5選舉區,3,翁聰賢,男,060/11/29,42,民主進步黨,碩士,是,WENG TSUNG HSIEN,臺灣省
嘉義縣第5選舉區,4,蔡信典,男,042/12/03,60,無,大學,否,TSAI HSIN TIEN,臺灣省
嘉義縣第6選舉區,1,羅士洋,男,048/07/25,55,民主進步黨,高中,是,LO SHIH YANG,臺灣省
嘉義縣第6選舉區,2,詹黃素蓮,女,042/05/17,61,中國國民黨,大學,是,CHAN HUANG SU LIEN,臺灣省
嘉義縣第6選舉區,3,張明達,男,049/08/01,54,民主進步黨,碩士,是,CHANG MING TA,臺灣省
嘉義縣第6選舉區,4,何子凡,男,070/08/18,33,無,碩士,否,,臺灣省
嘉義縣第6選舉區,5,曾亮哲,男,058/10/30,45,民主進步黨,專科,是,TSENG LIANG TZE,臺灣省
嘉義縣第6選舉區,6,陳柏麟,男,058/11/30,44,民主進步黨,碩士,是,CHEN PO LIN,臺灣省
嘉義縣第6選舉區,7,張貴忠,男,040/02/05,63,民主進步黨,其他,否,CHANG KUEI CHUNG,臺灣省
嘉義縣第7選舉區,1,楊貴榮,男,036/11/25,67,中國國民黨,碩士,否,,臺灣省
嘉義縣第7選舉區,2,汪啟聖,男,047/10/16,56,無,其他,否,Wang Chi shen,臺灣省
嘉義縣第7選舉區,3,石信忠,男,042/11/28,61,無,專科,否,,臺灣省
嘉義縣第7選舉區,4,湯保富,男,030/06/04,73,無,高中,否,Tang Bao Fu,臺灣省
屏東縣第1選舉區,1,蔣月惠,女,048/04/12,55,無,專科,否,CHIANG YUEH HUI,臺灣省
屏東縣第1選舉區,2,鍾明輝,男,044/07/06,59,民主進步黨,大學,否,CHUNG MING HUI,臺灣省
屏東縣第1選舉區,3,李幸惠,女,064/09/14,39,無,專科,否,LEE HSING HUI,臺灣省
屏東縣第1選舉區,4,張平原,男,054/06/21,49,無,其他,否,CHANG PING YUAN,臺灣省
屏東縣第1選舉區,5,施蘇貴美,女,027/11/17,76,無,高中,否,SHIH SU KUEI MEI,臺灣省
屏東縣第1選舉區,6,蘇義峰,男,046/01/30,57,民主進步黨,高中,是,,臺灣省
屏東縣第1選舉區,7,蔣家煌,男,051/01/06,52,無,高中,是,CHING GHIA HUANG,臺灣省
屏東縣第1選舉區,8,唐玉琴,女,044/10/20,59,中國國民黨,大學,是,,臺中市
屏東縣第1選舉區,9,林明順,男,043/01/02,60,無,高中,是,,臺灣省
屏東縣第1選舉區,10,李世斌,男,051/05/05,52,民主進步黨,碩士,是,Lee Shih pin,臺灣省
屏東縣第1選舉區,11,鍾淑娟,女,054/11/10,49,民主進步黨,高中,否,CHUNG SHU CHUAN,臺灣省
屏東縣第1選舉區,12,楊子鵬,男,037/06/04,66,親民黨,高中,否,YANG TZE PENG,臺灣省
屏東縣第1選舉區,13,陳進富,男,051/05/20,52,無,其他,否,,臺灣省
屏東縣第1選舉區,14,郭姿伶,女,065/12/10,37,中國國民黨,碩士,否,,高雄市
屏東縣第1選舉區,15,王偉華,男,051/01/07,52,中國國民黨,碩士,否,Wang Wei Hua,臺北市
屏東縣第1選舉區,16,劉育豪,男,056/08/26,47,民主進步黨,碩士,是,,臺灣省
屏東縣第1選舉區,17,張金文,男,048/09/01,55,無,其他,是,CHANG CHIN WEN,高雄市
屏東縣第1選舉區,18,黃國安,男,043/12/01,59,中國國民黨,高中,是,,臺灣省
屏東縣第1選舉區,19,陳美瓊,女,048/09/16,55,中國國民黨,高中,是,,臺灣省
屏東縣第1選舉區,20,王勤毅,男,073/10/03,30,無,高中,否,Wang Chin Yi,臺灣省
屏東縣第1選舉區,21,賀育寒,女,048/11/19,55,中國國民黨,大學,否,,臺灣省
屏東縣第2選舉區,1,江維屏,男,053/03/30,50,民主進步黨,高中,是,,臺灣省
屏東縣第2選舉區,2,王景山,男,052/10/14,51,中國國民黨,大學,是,WANG CHING SHAN,臺灣省
屏東縣第2選舉區,3,陳芳琍,女,057/09/01,46,民主進步黨,大學,否,CHEN FANG LI,臺灣省
屏東縣第2選舉區,4,吳亮慶,男,043/04/08,60,民主進步黨,其他,是,,臺灣省
屏東縣第2選舉區,5,何春美,女,043/02/08,60,中國國民黨,大學,是,HO CHUN MEI,臺灣省
屏東縣第2選舉區,6,盧文瑞,男,046/12/25,56,無,其他,否,LU WEN JUI,臺灣省
屏東縣第2選舉區,7,宋麗華,女,057/04/13,46,中國國民黨,碩士,是,Sung Li hua,臺北市
屏東縣第2選舉區,8,陳明達,男,052/02/08,51,民主進步黨,碩士,否,Chen Ming Ta,臺灣省
屏東縣第2選舉區,9,盧靖雯,女,073/04/27,30,無,其他,否,,臺灣省
屏東縣第2選舉區,10,鄭雙銓,男,051/06/11,52,中國國民黨,碩士,否,CHENG SHUANG CHUAN,臺灣省
屏東縣第2選舉區,11,羅緹瀅,女,065/04/17,38,民主進步黨,碩士,否,LO Ting Ying,臺灣省
屏東縣第2選舉區,12,尤慶賀,男,049/08/19,54,無,大學,是,,臺灣省
屏東縣第3選舉區,1,陳志成,男,052/10/07,51,無,專科,否,,臺灣省
屏東縣第3選舉區,2,王志豐,男,051/03/11,52,中國國民黨,大學,是,Wang Chih fong,臺南市
屏東縣第3選舉區,3,劉淼松,男,055/08/12,48,中國國民黨,高中,是,,臺灣省
屏東縣第3選舉區,4,徐榮耀,男,041/01/26,62,中國國民黨,高中,是,,高雄市
屏東縣第3選舉區,5,潘長成,男,054/10/08,49,台灣團結聯盟,高中,是,PAN CHANG CHENG,臺灣省
屏東縣第3選舉區,6,曾喜城,男,038/10/19,65,無,碩士,否,Tseng Hi Cheng,臺灣省
屏東縣第3選舉區,7,廖秀琴,女,045/06/16,58,民主進步黨,專科,否,LIAO SIOU CIN,臺灣省
屏東縣第3選舉區,8,曾彥屏,男,062/04/04,41,民主進步黨,大學,否,Tseng yen ping,臺灣省
屏東縣第3選舉區,9,黃建溢,男,070/03/10,33,民主進步黨,碩士,否,Huang gen yih,臺灣省
屏東縣第3選舉區,10,林郁虹,女,051/03/19,52,中國國民黨,碩士,是,Lin Yu Hung,臺灣省
屏東縣第3選舉區,11,許馨勻,女,068/02/02,35,中國國民黨,碩士,是,HSU HSIN YUN,臺灣省
屏東縣第3選舉區,12,林宗俉,男,044/03/26,59,民主進步黨,專科,否,,臺灣省
屏東縣第3選舉區,13,李世淦,男,064/12/09,38,中國國民黨,大學,否,Li Shih Gan,臺灣省
屏東縣第3選舉區,14,潘淑眞,女,054/09/15,49,民主進步黨,專科,是,Pan SHU CHEN,臺灣省
屏東縣第3選舉區,15,曾福金,男,046/01/16,57,民主進步黨,專科,否,TSENG FU CHIN,臺灣省
屏東縣第4選舉區,1,許展維,男,061/03/17,42,民主進步黨,高中,否,,臺灣省
屏東縣第4選舉區,2,林蔡鳯梅,女,048/01/22,55,無,其他,否,LIN TSAI FENG MEI,臺灣省
屏東縣第4選舉區,3,盧同恊,男,042/12/20,60,民主進步黨,其他,是,,臺灣省
屏東縣第4選舉區,4,黃坤能,男,041/10/14,62,無,其他,否,,臺灣省
屏東縣第4選舉區,5,李德全,男,056/12/06,46,無,高中,否,,臺灣省
屏東縣第4選舉區,6,劉水復,男,045/03/18,58,無,其他,是,LIU SHUI FU,臺灣省
屏東縣第4選舉區,7,郭再添,男,062/08/09,41,無,專科,是,,臺灣省
屏東縣第4選舉區,8,李香蘭,女,060/07/15,43,中國國民黨,碩士,是,,臺灣省
屏東縣第4選舉區,9,周典論,男,044/01/20,59,無,大學,否,CHOU TIEN LUN,臺灣省
屏東縣第4選舉區,10,鄭寶川,男,040/09/06,63,無,高中,是,,臺灣省
屏東縣第4選舉區,11,黃纓桔,女,045/09/09,58,民主進步黨,其他,是,,臺灣省
屏東縣第4選舉區,12,何輝能,男,038/09/11,65,民主進步黨,其他,是,,臺灣省
屏東縣第5選舉區,1,林玉花,女,053/08/02,50,民主進步黨,專科,是,Lin Yu HuA,臺南市
屏東縣第5選舉區,2,羅平道,男,056/01/23,47,民主進步黨,高中,否,,臺灣省
屏東縣第5選舉區,3,王啟敏,男,044/12/04,58,中國國民黨,專科,是,Wang CHI Ming,臺灣省
屏東縣第5選舉區,4,周碧雲,女,061/08/30,42,民主進步黨,碩士,是,Chou Biwin,臺灣省
屏東縣第5選舉區,5,楊嘉慶,男,040/08/16,63,民主進步黨,專科,是,,臺灣省
屏東縣第6選舉區,1,葉明順,男,042/09/15,61,無,其他,否,Yeh Ming Shun,高雄市
屏東縣第6選舉區,2,張榮志,男,048/09/09,55,中國國民黨,大學,是,CHANG JUNG CHIH,臺灣省
屏東縣第6選舉區,3,陳文弘,男,047/03/10,56,民主進步黨,高中,否,,臺灣省
屏東縣第6選舉區,4,李志偉,男,055/10/25,48,民主進步黨,其他,否,,臺灣省
屏東縣第6選舉區,5,鍾乙豪,男,063/07/08,40,民主進步黨,碩士,否,Chung Yee How,臺灣省
屏東縣第7選舉區,1,王薇茗,女,073/04/04,30,無,大學,是,WANG WEI MING,臺灣省
屏東縣第7選舉區,2,洪慈綪,女,059/07/19,44,無,大學,否,,臺灣省
屏東縣第8選舉區,1,潘裕隆,男,060/07/07,43,中國國民黨,碩士,是,PAN YU LUNG,臺灣省
屏東縣第9選舉區,1,歸曉惠,女,060/02/19,43,無,高中,否,KUEI HSIAO HUI,臺灣省
屏東縣第9選舉區,2,柯富國,男,049/02/26,54,中國國民黨,專科,是,,臺灣省
屏東縣第10選舉區,1,陸月嬌,女,047/01/14,56,無,高中,否,,臺灣省
屏東縣第10選舉區,2,陳生明,男,040/03/17,63,中國國民黨,大學,否,Chen Shen ming,臺灣省
屏東縣第11選舉區,1,潘政治,男,044/04/15,59,中國國民黨,高中,是,PAN CHEN CHIH,臺灣省
屏東縣第11選舉區,2,何長成,男,052/09/17,51,無,專科,否,HO CHANG CHENG,臺灣省
屏東縣第12選舉區,1,簡寶玉,女,041/12/09,61,中國國民黨,大學,否,CHIEN PAO YU,臺灣省
屏東縣第12選舉區,2,李宜潔,女,048/03/14,55,無,專科,否,LEE YI CHIEH,臺灣省
屏東縣第12選舉區,3,潘正義,男,042/01/03,61,無,專科,否,,臺灣省
屏東縣第13選舉區,1,林輝雄,男,037/06/10,66,無,大學,是,Lin Hui Shung,臺灣省
屏東縣第13選舉區,2,陳昭忠,男,046/01/03,57,中國國民黨,專科,否,,臺灣省
屏東縣第14選舉區,1,李冀香,女,053/10/05,50,中國國民黨,專科,是,Lee chi shiang,臺灣省
屏東縣第14選舉區,2,陳秋香,女,055/10/05,48,無,大學,否,,臺灣省
屏東縣第15選舉區,1,許天賜,男,043/01/10,60,中國國民黨,大學,是,,臺灣省
屏東縣第16選舉區,1,顏金成,男,045/05/07,58,中國國民黨,大學,否,YEN CHIN CHENG,臺灣省
屏東縣第16選舉區,2,宋克強,男,059/06/03,44,無,專科,否,Sukinadrimi Karavas,臺灣省
宜蘭縣第1選舉區,1,余美雪,女,044/06/10,59,民主進步黨,大學,否,,臺北市
宜蘭縣第1選舉區,2,陳進亮,男,031/10/08,72,台灣團結聯盟,大學,否,CHEN JIM LIANG,臺灣省
宜蘭縣第1選舉區,3,羅文清,男,040/11/20,63,無,大學,否,Lo Wen Ching,臺灣省
宜蘭縣第1選舉區,4,楊順木,男,039/04/28,64,無,高中,否,YANG SHUN MU,臺灣省
宜蘭縣第1選舉區,5,張建榮,男,036/05/25,67,中國國民黨,其他,是,CHANG CHIEN RONG,臺灣省
宜蘭縣第1選舉區,6,張曜顯,男,062/02/13,41,民主進步黨,專科,否,CHANG YAO HSIEN,臺灣省
宜蘭縣第1選舉區,7,林錫明,男,043/09/15,60,無,其他,否,LIN SI MING,臺灣省
宜蘭縣第1選舉區,8,莊淑如,女,067/12/23,35,中國國民黨,碩士,否,CHUANG SHU JU,臺北市
宜蘭縣第1選舉區,9,吳福田,男,038/12/03,64,民主進步黨,高中,是,WU FU TIEN,臺灣省
宜蘭縣第1選舉區,10,陳永錰,男,035/10/15,68,無,其他,否,CHEN YUNG CHIEH,臺灣省
宜蘭縣第1選舉區,11,林志鴻,男,066/10/04,37,民主進步黨,大學,否,LIN CHIH HUNG,臺灣省
宜蘭縣第1選舉區,12,黃定和,男,047/01/05,56,中國國民黨,碩士,否,,臺灣省
宜蘭縣第1選舉區,13,林岳賢,男,063/06/14,40,中國國民黨,碩士,是,LIN YUEH HSIEN,臺灣省
宜蘭縣第1選舉區,14,江碧華,女,045/08/01,58,中國國民黨,碩士,是,CHIANG PI HUA,臺灣省
宜蘭縣第2選舉區,1,陳秀暖,女,050/04/25,53,中國國民黨,專科,否,CHEN HSIU NUAN,臺灣省
宜蘭縣第2選舉區,2,林東成,男,052/08/02,51,無,高中,否,LIN TUNG CHENG,臺灣省
宜蘭縣第2選舉區,3,林金龍,男,039/01/14,64,民主進步黨,其他,否,,臺灣省
宜蘭縣第2選舉區,4,楊惠民,男,044/11/19,59,無,專科,否,,臺灣省
宜蘭縣第3選舉區,1,林成功,男,051/12/12,51,無,碩士,否,,臺灣省
宜蘭縣第3選舉區,2,吳宏謀,男,039/08/15,64,民主進步黨,高中,是,WU KUNG MOU,臺灣省
宜蘭縣第3選舉區,3,李清林,男,038/08/20,65,中國國民黨,其他,是,LEE CHING LIN,臺灣省
宜蘭縣第4選舉區,1,廖明照,男,048/11/25,55,無,專科,否,LIAO MING CHAO,臺灣省
宜蘭縣第4選舉區,2,陳俊宇,男,064/03/14,39,民主進步黨,碩士,否,Chen Chun Yu,臺灣省
宜蘭縣第4選舉區,3,黃浴沂,男,041/04/12,62,中國國民黨,其他,是,HUANG YU YI,臺灣省
宜蘭縣第4選舉區,4,張漢東,男,049/02/08,54,民主進步黨,專科,是,CHANG HAN TUNG,臺灣省
宜蘭縣第4選舉區,5,林錦坤,男,053/12/06,49,無,高中,否,,臺灣省
宜蘭縣第5選舉區,1,陳福山,男,046/11/08,57,無,專科,是,Chen Fu San,臺灣省
宜蘭縣第5選舉區,2,黃建勇,男,047/09/12,56,中國國民黨,高中,否,HUANG CHIEN YUNG,臺灣省
宜蘭縣第5選舉區,3,林水金,男,041/07/12,62,民主進步黨,其他,是,LIN SHUI CHING,臺灣省
宜蘭縣第6選舉區,1,陳漢鍾,男,060/08/07,43,無,專科,否,CHEN HAN CHUNG,臺灣省
宜蘭縣第6選舉區,2,劉添梧,男,037/07/13,66,民主進步黨,專科,是,LIU TIEN WU,臺灣省
宜蘭縣第6選舉區,3,吳秋齡,女,046/09/09,57,中國國民黨,大學,是,,臺灣省
宜蘭縣第6選舉區,4,謝志得,男,057/05/06,46,民主進步黨,碩士,是,HSIEH CHIH TE,臺灣省
宜蘭縣第6選舉區,5,黃素琴,女,053/04/01,50,民主進步黨,專科,是,HUANG SU CHIN,臺灣省
宜蘭縣第6選舉區,6,陳鴻禧,男,048/01/13,55,中國國民黨,碩士,是,CHEN HUNG HSI,臺灣省
宜蘭縣第7選舉區,1,張明華,男,050/05/14,53,民主進步黨,專科,否,CHANG MING HUA,臺灣省
宜蘭縣第7選舉區,2,沈德茂,男,045/10/06,58,無,專科,是,SHEN TE MAO,臺灣省
宜蘭縣第7選舉區,3,黃適超,男,050/04/15,53,民主進步黨,碩士,是,HUANG SHIH CHAO,臺灣省
宜蘭縣第7選舉區,4,林朝旺,男,039/05/20,64,中國國民黨,其他,是,Lin Chao Wang,臺灣省
宜蘭縣第8選舉區,1,邱素梅,女,054/02/17,49,無,碩士,是,CHIU SU MEI,臺灣省
宜蘭縣第8選舉區,2,楊政誠,男,032/11/05,71,中國國民黨,大學,是,,臺灣省
宜蘭縣第8選舉區,3,薛呈懿,女,078/12/03,24,樹黨,大學,否,HSUEH CHENG I,臺灣省
宜蘭縣第8選舉區,4,張秋明,男,041/01/30,62,民主進步黨,專科,是,CHANG CHIU MING,臺灣省
宜蘭縣第8選舉區,5,游祥德,男,041/06/01,62,民主進步黨,高中,是,YU HSIANG DE,臺灣省
宜蘭縣第8選舉區,6,張建成,男,056/11/03,47,無,碩士,否,CHANG CHIEN CHENG,臺灣省
宜蘭縣第8選舉區,7,林松根,男,047/10/24,56,中國國民黨,專科,否,,臺灣省
宜蘭縣第9選舉區,1,李志鏞,男,055/02/21,48,中國國民黨,專科,是,LEE CHIH YUNG,臺灣省
宜蘭縣第9選舉區,2,陳文昌,男,042/09/01,61,民主進步黨,高中,否,CHEN WEN CHANG,臺灣省
宜蘭縣第10選舉區,1,王明輝,男,045/05/12,58,民主進步黨,高中,否,,臺灣省
宜蘭縣第10選舉區,2,陳正男,男,037/05/18,66,無,專科,是,CHEN CHENG NAN,臺灣省
宜蘭縣第10選舉區,3,林騰煌,男,037/11/01,66,中國國民黨,高中,否,,臺灣省
宜蘭縣第10選舉區,4,林棋山,男,040/09/24,63,中國國民黨,大學,是,LIN CHYI SHAN,臺灣省
宜蘭縣第10選舉區,5,邱嘉進,男,066/07/31,37,民主進步黨,大學,否,Chiou Chia Chin,臺灣省
宜蘭縣第10選舉區,6,鄭金池,男,040/01/05,63,無,專科,否,,臺灣省
宜蘭縣第11選舉區,1,孫湯玉惠,女,056/05/22,47,無,專科,否,SUN TANG YU HUI,臺灣省
宜蘭縣第11選舉區,2,陳慶喜,男,047/09/25,56,中國國民黨,專科,否,,臺灣省
宜蘭縣第11選舉區,3,洪林雨萍,女,057/09/29,46,無,專科,否,Humg Lin Yu Ping,臺灣省
宜蘭縣第11選舉區,4,陳柳造,男,041/10/22,62,無,高中,否,CHEN LIV TSAO,臺灣省
宜蘭縣第12選舉區,1,李玉蕙,女,050/05/13,53,中國國民黨,碩士,否,,臺灣省
宜蘭縣第12選舉區,2,陳傑麟,男,054/11/08,49,親民黨,碩士,否,CHEN CHIEN LIN,臺灣省
宜蘭縣第13選舉區,1,松王淑珍,女,054/04/21,49,中國國民黨,高中,否,SONG WANG SHU CHEN,臺灣省
宜蘭縣第13選舉區,2,陳孝仁,男,041/12/01,61,中國國民黨,碩士,是,CHEN HSIAO JEN,臺灣省
宜蘭縣第13選舉區,3,江明順,男,042/08/07,61,中國國民黨,其他,否,CHIANG MING SHUN,臺灣省
花蓮縣第1選舉區,1,魏嘉賢,男,067/07/13,36,中國國民黨,碩士,是,WEI CHIA HSIEN,臺灣省
花蓮縣第1選舉區,2,莊枝財,男,042/10/06,61,民主進步黨,高中,是,CHUANG CHIH CHAI,臺灣省
花蓮縣第1選舉區,3,謝國榮,男,047/07/20,56,中國國民黨,高中,是,HSIEH KUO JUNG,臺灣省
花蓮縣第1選舉區,4,方建興,男,039/01/05,64,民主進步黨,碩士,否,,臺南市
花蓮縣第1選舉區,5,楊文值,男,044/01/16,59,中國國民黨,專科,是,,臺灣省
花蓮縣第1選舉區,6,釋楊悟空,男,043/05/11,60,親民黨,高中,否,SHIE YANG WU KONG,臺灣省
花蓮縣第1選舉區,7,施慧萍,女,063/11/01,40,中國國民黨,碩士,是,Shih Huei Ping,臺灣省
花蓮縣第1選舉區,8,林宗昆,男,072/10/14,31,中國國民黨,碩士,否,LIN TSUNG KUN,臺灣省
花蓮縣第1選舉區,9,劉曉玫,女,062/12/15,40,民主進步黨,大學,是,Liu Hsiao mei,臺灣省
花蓮縣第1選舉區,10,江如玲,女,054/02/19,49,中國國民黨,大學,否,Chiang Ju Ling,臺灣省
花蓮縣第1選舉區,11,楊華美,女,059/12/02,43,無,大學,否,Yang HuaMei,臺灣省
花蓮縣第1選舉區,12,李秋旺,男,044/10/29,59,中國國民黨,專科,是,LEE CHIU WANG,臺灣省
花蓮縣第1選舉區,13,施金樹,男,047/08/27,56,民主進步黨,大學,是,SHIH JIN SHU,臺灣省
花蓮縣第2選舉區,1,何禮臺,男,051/04/21,52,中國國民黨,專科,是,Ho Li Tai,臺灣省
花蓮縣第2選舉區,2,賴進坤,男,048/12/31,54,中國國民黨,專科,是,LAI CHIN KUN,臺灣省
花蓮縣第3選舉區,1,游美雲,女,049/01/31,54,民主進步黨,專科,是,YU MEI YUN,臺灣省
花蓮縣第3選舉區,2,游淑貞,女,056/11/25,47,無,大學,否,YU SHU CHEN,臺灣省
花蓮縣第3選舉區,3,葉鯤璟,男,043/08/10,60,無,高中,是,,臺灣省
花蓮縣第3選舉區,4,黃振富,男,056/07/26,47,民主進步黨,碩士,是,HUANG JHENG FU,臺灣省
花蓮縣第3選舉區,5,張峻,男,063/03/03,40,中國國民黨,高中,是,CHANG CHUN,臺灣省
花蓮縣第3選舉區,6,鄭乾龍,男,053/10/24,50,民主進步黨,高中,否,,臺灣省
花蓮縣第3選舉區,7,林殷全,男,043/09/08,60,無,高中,否,LIN YIN CHUAN,臺灣省
花蓮縣第3選舉區,8,邱永双,男,041/08/18,62,中國國民黨,高中,是,CHIOU YUNG SHUANG,臺灣省
花蓮縣第3選舉區,9,黃晨霖,男,070/03/09,33,中國國民黨,大學,否,Huang Chen lin,臺灣省
花蓮縣第3選舉區,10,吳建志,男,069/12/16,33,中國國民黨,大學,否,Wu chien chih,臺灣省
花蓮縣第3選舉區,11,謝明圳,男,049/08/15,54,無,其他,否,,臺灣省
花蓮縣第3選舉區,12,徐雪玉,女,050/01/08,53,中國國民黨,高中,是,HSU HSUEH YU,臺灣省
花蓮縣第3選舉區,13,康木樹,男,041/10/02,62,無,高中,否,KANG MU SHU,臺灣省
花蓮縣第3選舉區,14,張正治,男,055/03/17,48,中國國民黨,專科,是,CHANG CHENG CHIH,臺灣省
花蓮縣第4選舉區,1,蘇孝信,男,033/02/18,70,無,高中,否,SHU HSIAO HSIN,臺灣省
花蓮縣第4選舉區,2,張錫銘,男,026/08/16,77,無,高中,否,,臺灣省
花蓮縣第4選舉區,3,王燕美,女,044/11/26,59,無,碩士,是,Wang yamn mei,臺灣省
花蓮縣第4選舉區,4,張智冠,男,059/03/08,44,中國國民黨,大學,否,CHANG CHIH KUAN,臺灣省
花蓮縣第4選舉區,5,蔡秋龍,男,050/11/18,53,中國國民黨,大學,否,,臺灣省
花蓮縣第4選舉區,6,潘富民,男,047/12/07,55,中國國民黨,專科,是,PAN FU MIN,臺灣省
花蓮縣第5選舉區,1,"羅名材 Halu‧Lihang",男,060/05/19,43,中國國民黨,其他,否,LO MING TSAI,臺灣省
花蓮縣第5選舉區,2,余夏夫,男,033/07/03,70,中國國民黨,其他,是,,臺灣省
花蓮縣第5選舉區,3,笛布斯‧顗賚,女,061/03/13,42,無,大學,是,ILAI DIBUS,臺灣省
花蓮縣第5選舉區,4,蕭民隆,男,040/02/19,63,中國國民黨,專科,否,Hsiao Min Lung,臺灣省
花蓮縣第5選舉區,5,"林秋美 Abi‧Mulu",女,047/10/24,56,無,專科,否,,臺灣省
花蓮縣第6選舉區,1,孫永昌,男,034/12/20,68,中國國民黨,大學,是,,臺灣省
花蓮縣第6選舉區,2,"萬榮財 Lafi‧Mayaw",男,045/02/06,58,無,專科,否,WAN JUNG TSAI,臺灣省
花蓮縣第6選舉區,3,"楊德金 Kati‧Payo",男,035/05/04,68,中國國民黨,專科,是,Yang Te Chin,臺灣省
花蓮縣第6選舉區,4,"高潞‧以用‧巴魕剌 Kawlo‧lyun‧Pacidal",女,066/04/09,37,無,大學,否,Kawlo Iyun Pacidal,臺北市
花蓮縣第7選舉區,1,林聖明,男,047/06/01,56,無,專科,否,LIN SHENG MING,臺灣省
花蓮縣第7選舉區,2,陳英妹,女,039/01/20,64,無,高中,是,,臺灣省
花蓮縣第7選舉區,3,詹金福,男,038/04/08,65,親民黨,其他,否,,臺灣省
花蓮縣第7選舉區,4,陳建忠,男,048/09/20,55,中國國民黨,大學,否,,臺灣省
花蓮縣第7選舉區,5,"徐成國 Hane‧Gayaw",男,052/05/11,51,中國國民黨,高中,否,,臺灣省
花蓮縣第8選舉區,1,"許淑銀 Otiam Cirig",女,052/11/02,51,中國國民黨,專科,否,,臺灣省
花蓮縣第8選舉區,2,田韻馨,女,065/03/16,38,無,其他,否,,臺灣省
花蓮縣第8選舉區,3,張文成,男,045/07/01,58,無,專科,否,Chang Wen cheng,臺灣省
花蓮縣第9選舉區,1,"吳香蘭 Hisa‧Sakay",女,038/12/20,64,中國國民黨,專科,否,Hisa Sakay,臺灣省
花蓮縣第9選舉區,2,陳長明,男,044/12/02,58,中國國民黨,專科,是,CHEN CHANG MING,臺灣省
花蓮縣第10選舉區,1,余秀珠,女,037/11/25,66,中國國民黨,專科,否,YU HSIU CHU,臺灣省
花蓮縣第10選舉區,2,蘇正清,男,044/12/03,58,中國國民黨,高中,否,,臺灣省
花蓮縣第10選舉區,3,蘇忠亮,男,045/06/21,58,中國國民黨,專科,否,,臺灣省
花蓮縣第10選舉區,4,"陳鶴章 Salizan Binkinuan",男,040/10/04,63,中國國民黨,大學,否,,臺灣省
臺東縣第1選舉區,1,黃裕雄,男,069/01/16,34,無,高中,否,,臺灣省
臺東縣第1選舉區,2,謝明珠,女,038/07/01,65,無,專科,是,,臺灣省
臺東縣第1選舉區,3,陳志峰,男,054/07/28,49,無,高中,是,Chen Chinfeng,臺灣省
臺東縣第1選舉區,4,李建智,男,048/01/15,55,中國國民黨,高中,是,LEE CHIENCHIH,臺南市
臺東縣第1選舉區,5,黃俊銘,男,056/05/06,47,無,碩士,否,,臺灣省
臺東縣第1選舉區,6,田石雄,男,037/11/24,66,中國國民黨,其他,是,,臺灣省
臺東縣第1選舉區,7,廖進輝,男,039/01/23,64,無,大學,否,,臺灣省
臺東縣第1選舉區,8,吳秀華,女,062/05/01,41,中國國民黨,大學,否,WU HSIU HUA,臺灣省
臺東縣第1選舉區,9,吳景槐,男,051/02/12,52,中國國民黨,專科,是,,臺灣省
臺東縣第1選舉區,10,林雅玲,女,061/03/16,42,無,高中,否,Lin YaLin,臺灣省
臺東縣第1選舉區,11,王飛龍,男,039/08/23,64,無,其他,否,,臺灣省
臺東縣第1選舉區,12,彭權英,女,045/09/20,58,無,碩士,否,PENG CHUANYING,臺灣省
臺東縣第1選舉區,13,林參天,男,047/11/20,56,無,高中,是,LIN SANTIEN,臺灣省
臺東縣第1選舉區,14,周達三,男,055/03/10,48,中國國民黨,高中,否,,臺灣省
臺東縣第1選舉區,15,饒慶鈴,女,058/11/23,45,中國國民黨,博士,是,Yao ChingLing,臺灣省
臺東縣第1選舉區,16,黃秋,女,048/08/17,55,無,大學,是,HUANG CHIU,臺灣省
臺東縣第1選舉區,17,洪宗楷,男,068/09/15,35,民主進步黨,碩士,否,,高雄市
臺東縣第2選舉區,1,張卓然,男,036/09/26,67,中國國民黨,專科,是,Chang Chuojan,其他省市
臺東縣第3選舉區,1,許進榮,男,055/12/18,47,無,其他,是,,臺灣省
臺東縣第3選舉區,2,林東滿,男,038/10/15,65,中國國民黨,高中,是,LIN TUNGMANG,高雄市
臺東縣第4選舉區,1,陳宏宗,男,047/11/01,56,中國國民黨,高中,是,CHEN HUNGTSUNG,臺灣省
臺東縣第4選舉區,2,李振源,男,049/08/24,54,無,專科,是,Lee ChenYuan,臺灣省
臺東縣第4選舉區,3,黃瑞華,男,041/07/10,62,中國國民黨,高中,否,Huang JuiHua,臺灣省
臺東縣第5選舉區,1,翁麗吟,女,046/07/02,57,中國國民黨,大學,否,Wong LiYin,臺南市
臺東縣第5選舉區,2,張順福,男,055/03/15,48,民主進步黨,高中,否,,臺灣省
臺東縣第6選舉區,1,謝賢裕,男,049/11/19,54,中國國民黨,高中,否,Hsieh HsienYu,臺灣省
臺東縣第6選舉區,2,陳照隆,男,038/10/11,65,中國國民黨,大學,否,Chen ChaoLung,臺灣省
臺東縣第7選舉區,1,林秀信,男,035/10/27,68,中國國民黨,專科,否,,臺灣省
臺東縣第7選舉區,2,王清堅,男,041/03/08,62,中國國民黨,專科,是,,臺灣省
臺東縣第7選舉區,3,郭秋孜,女,052/08/03,51,台灣第一民族黨,專科,否,Guo Qiuzi,臺灣省
臺東縣第7選舉區,4,林琮翰,男,058/07/19,45,中國國民黨,碩士,是,,臺灣省
臺東縣第7選舉區,5,"嚴惠美 Simoy‧Sapod",女,054/11/02,49,中國國民黨,大學,是,,臺灣省
臺東縣第7選舉區,6,"陳．藍姆洛 Lamlo Payrang",男,038/02/01,65,台灣團結聯盟,高中,是,CHEN LAMLO,臺灣省
臺東縣第7選舉區,7,方賢仁,男,045/09/03,58,中國國民黨,大學,否,FANG HSIENJEN,臺灣省
臺東縣第8選舉區,1,江堅壽,男,048/04/18,55,中國國民黨,高中,是,Chiang ChienShou,臺灣省
臺東縣第8選舉區,2,尤忠正,男,045/09/03,58,中國國民黨,專科,否,,臺灣省
臺東縣第8選舉區,3,蔡義勇,男,045/09/01,58,中國國民黨,大學,是,,臺灣省
臺東縣第9選舉區,1,"張萬生 Tahuk Malulang",男,036/03/25,67,中國國民黨,其他,是,,臺灣省
臺東縣第10選舉區,1,高美珠,女,059/01/08,44,中國國民黨,高中,否,,臺灣省
臺東縣第10選舉區,2,嚴亞美,女,045/03/15,58,無,大學,否,,臺灣省
臺東縣第10選舉區,3,劉純歌,女,045/04/10,58,中國國民黨,專科,是,Liu Chunko,臺灣省
臺東縣第11選舉區,1,胡秋金,男,047/08/25,56,中國國民黨,高中,是,Hu ChiuChin,臺灣省
臺東縣第11選舉區,2,伊藍‧明基努安,男,059/08/02,44,台灣第一民族黨,高中,否,Binkinuan Elan,臺灣省
臺東縣第12選舉區,1,"余明志 taium ispalidaz",男,044/12/15,58,中國國民黨,專科,否,,臺灣省
臺東縣第12選舉區,2,余秀芳,女,056/02/08,47,中國國民黨,大學,是,,臺灣省
臺東縣第12選舉區,3,張順成,男,045/04/09,58,無,專科,否,,臺灣省
臺東縣第13選舉區,1,"章正輝 Lemajiz‧Kusaza",男,052/09/04,51,中國國民黨,大學,否,,臺灣省
臺東縣第14選舉區,1,蔡玉玲,女,058/10/20,45,無,高中,否,Tasi YuLing,臺灣省
臺東縣第14選舉區,2,朱連濟,女,052/12/03,50,中國國民黨,專科,是,CHU LIENCHI,臺灣省
臺東縣第15選舉區,1,曾加油,男,046/01/20,57,中國國民黨,其他,否,TSENG CHIAYU,臺灣省
臺東縣第15選舉區,2,林杉樹,男,043/10/08,60,無,碩士,否,Lin ShanShu,臺灣省
臺東縣第15選舉區,3,夏曼‧瑪德能,男,046/03/14,57,中國國民黨,大學,是,,臺灣省
臺東縣第15選舉區,4,黃天德,男,055/10/05,48,無,高中,否,Huamg TienTe,臺灣省
澎湖縣第1選舉區,1,許神賜,男,026/09/16,77,無,高中,否,,臺灣省
澎湖縣第1選舉區,2,劉陳昭玲,女,045/06/18,58,中國國民黨,碩士,是,,臺灣省
澎湖縣第1選舉區,3,傅靜凡,男,057/01/27,46,綠黨,碩士,否,,高雄市
澎湖縣第1選舉區,4,黄俊仁,男,059/12/14,43,無,碩士,否,,臺灣省
澎湖縣第1選舉區,5,顏嘉弘,男,063/02/21,40,中國國民黨,大學,否,,臺灣省
澎湖縣第1選舉區,6,陳慧玲,女,051/06/16,52,民主進步黨,專科,否,,臺灣省
澎湖縣第1選舉區,7,胡松榮,男,035/10/01,68,中國國民黨,高中,是,,臺灣省
澎湖縣第1選舉區,8,藍俊逸,男,035/10/16,68,中國國民黨,其他,是,,臺灣省
澎湖縣第1選舉區,9,陳海山,男,039/11/10,64,無,其他,是,,臺灣省
澎湖縣第1選舉區,10,黃春燕,女,046/02/21,57,無,高中,是,,臺灣省
澎湖縣第1選舉區,11,許麗音,女,037/08/01,66,無,大學,否,,臺灣省
澎湖縣第1選舉區,12,陳雙全,男,050/11/15,53,中國國民黨,大學,是,,臺灣省
澎湖縣第1選舉區,13,蔡金美,女,057/03/12,46,無黨團結聯盟,大學,否,,臺灣省
澎湖縣第1選舉區,14,張再興,男,041/03/30,62,無,高中,否,,臺灣省
澎湖縣第1選舉區,15,郁國麟,男,049/07/09,54,無,大學,否,,臺灣省
澎湖縣第1選舉區,16,呂黃春金,女,049/07/11,54,民主進步黨,其他,否,,臺灣省
澎湖縣第1選舉區,17,蘇陳綉色,女,046/04/04,57,無,其他,否,,臺灣省
澎湖縣第1選舉區,18,吳文相,男,037/02/15,66,無,高中,是,,臺灣省
澎湖縣第1選舉區,19,陳百川,男,049/07/04,54,中國國民黨,高中,否,,臺灣省
澎湖縣第2選舉區,1,蔡清續,男,046/09/20,57,無,專科,否,,臺灣省
澎湖縣第2選舉區,2,歐陽洲,男,061/02/09,42,無,專科,是,,臺灣省
澎湖縣第2選舉區,3,成萬貫,男,050/02/25,53,無,大學,是,,臺灣省
澎湖縣第2選舉區,4,陳振中,男,052/01/11,51,中國國民黨,碩士,否,,臺灣省
澎湖縣第3選舉區,1,鄭來得,男,040/06/22,63,無,其他,否,,臺灣省
澎湖縣第3選舉區,2,宋國進,男,042/10/31,61,中國國民黨,高中,是,,臺灣省
澎湖縣第3選舉區,3,魏長源,男,040/01/20,63,無,高中,是,,臺灣省
澎湖縣第3選舉區,4,許龍聰,男,055/01/15,48,無,專科,否,,臺灣省
澎湖縣第4選舉區,1,楊石龍,男,048/12/21,54,無,碩士,否,,臺灣省
澎湖縣第5選舉區,1,陳佩真,女,072/05/24,31,無,高中,否,,臺灣省
澎湖縣第5選舉區,2,俞喜龍,男,045/05/05,58,無,高中,否,,臺灣省
澎湖縣第5選舉區,3,葉明縣,男,044/06/23,59,無,其他,是,,臺灣省
澎湖縣第6選舉區,1,夏晨榮,男,049/01/06,54,中國國民黨,高中,是,,高雄市
澎湖縣第6選舉區,2,呂啟宗,男,041/03/18,62,無,其他,否,,臺灣省
金門縣第1選舉區,1,許玉昭,女,054/08/14,49,中國國民黨,大學,是,,金馬地區
金門縣第1選舉區,2,許建中,男,051/12/08,51,中國國民黨,其他,是,,金馬地區
金門縣第1選舉區,3,陳滄江,男,044/06/10,59,民主進步黨,博士,是,Chen Tsang Chiang,金馬地區
金門縣第1選舉區,4,楊萬山,男,056/02/14,47,中國國民黨,高中,否,,金馬地區
金門縣第1選舉區,5,林孫全,男,041/12/10,61,中國國民黨,其他,是,LIN SUN CHUAN,金馬地區
金門縣第1選舉區,6,李誠智,男,065/06/17,38,中國國民黨,大學,是,,金馬地區
金門縣第1選舉區,7,李錫添,男,055/09/20,48,中國國民黨,碩士,否,Lee hsi Tien,金馬地區
金門縣第1選舉區,8,許華玉,女,043/12/03,59,中國國民黨,其他,是,,金馬地區
金門縣第1選舉區,9,黃啓璋,男,050/07/16,53,無,大學,否,,臺灣省
金門縣第1選舉區,10,楊永立,男,048/04/04,55,中國國民黨,高中,是,,金馬地區
金門縣第1選舉區,11,陳衍利,女,064/08/20,39,中國國民黨,其他,否,CHEN Yanli,臺灣省
金門縣第1選舉區,12,歐陽儀雄,男,062/04/03,41,中國國民黨,大學,否,Ouyane Yi hsiung,臺北市
金門縣第1選舉區,13,翁銘駿,男,072/05/07,31,中國國民黨,其他,否,,臺北市
金門縣第1選舉區,14,許志猛,男,063/06/07,40,無,大學,否,,金馬地區
金門縣第1選舉區,15,廖進入,男,049/07/30,54,中國國民黨,高中,否,LIAO CHIN JU,臺灣省
金門縣第1選舉區,16,王碧珍,女,048/01/08,55,無,大學,否,,金馬地區
金門縣第1選舉區,17,洪允典,男,041/09/03,62,中國國民黨,高中,否,HUNG YUN DIAN,金馬地區
金門縣第1選舉區,18,石永城,男,062/08/01,41,無,高中,否,,金馬地區
金門縣第1選舉區,19,唐麗輝,女,046/05/07,57,無,碩士,是,TANG LI HUI,金馬地區
金門縣第2選舉區,1,張雲德,男,042/06/08,61,中國國民黨,其他,否,,金馬地區
金門縣第2選舉區,2,陳美雲,女,041/10/15,62,無,高中,否,Chen Meyuan,臺北市
金門縣第2選舉區,3,蔡其賀,男,055/09/14,48,無,其他,否,Tsay Chi Ho,金馬地區
金門縣第2選舉區,4,周子傑,男,062/01/18,41,中國國民黨,大學,是,,金馬地區
金門縣第2選舉區,5,謝東龍,男,059/03/14,44,中國國民黨,高中,是,,金馬地區
金門縣第2選舉區,6,蔡春生,男,043/04/27,60,中國國民黨,其他,是,,金馬地區
金門縣第2選舉區,7,徐鴻義,男,049/08/26,54,無,高中,否,HSU HUNG YI,金馬地區
金門縣第2選舉區,8,李應文,男,068/04/12,35,中國國民黨,碩士,否,,金馬地區
金門縣第2選舉區,9,蔡水游,男,046/12/15,56,中國國民黨,高中,是,,金馬地區
金門縣第2選舉區,10,陳文慶,男,048/11/20,55,無,高中,否,Chen Wen Ching,臺北市
金門縣第2選舉區,11,陳玉珍,女,062/10/29,41,無,碩士,否,Chen Yu Jen,金馬地區
金門縣第2選舉區,12,王再生,男,035/06/30,68,中國國民黨,高中,是,,金馬地區
金門縣第2選舉區,13,陳志斌,男,072/01/08,31,中國國民黨,大學,否,Chen Chih Pin,臺北市
金門縣第3選舉區,1,洪麗萍,女,057/08/30,46,中國國民黨,高中,是,HUNG LI PIN,金馬地區
金門縣第3選舉區,2,洪輝榮,男,066/03/09,37,無,高中,否,,金馬地區
金門縣第3選舉區,3,林金量,男,043/11/12,60,中國國民黨,碩士,是,LIN CHING LIANG,金馬地區
金門縣第3選舉區,4,呂俊龍,男,065/04/17,38,中國國民黨,大學,否,,金馬地區
金門縣第3選舉區,5,洪鴻斌,男,058/01/24,45,中國國民黨,其他,否,,金馬地區
連江縣第1選舉區,1,朱秀平,男,050/11/06,53,中國國民黨,高中,否,CHU HSIU PING,金馬地區
連江縣第1選舉區,2,林貽祥,男,048/10/27,55,中國國民黨,大學,否,lin i hsiang,金馬地區
連江縣第1選舉區,3,曹以標,男,052/10/05,51,無,高中,是,TSAO I PIAO,金馬地區
連江縣第1選舉區,4,林惠萍,女,062/08/08,41,中國國民黨,碩士,是,LIN hul ping,新北市
連江縣第1選舉區,5,林明揚,男,052/10/31,51,中國國民黨,高中,否,LIN MING YANG,金馬地區
連江縣第1選舉區,6,陳書建,男,046/12/20,56,中國國民黨,高中,否,CHEN SHU CHIEN,金馬地區
連江縣第1選舉區,7,曹丞君,女,065/07/23,38,無,高中,是,tsao chengchun,金馬地區
連江縣第1選舉區,8,曹爾章,男,059/12/13,43,中國國民黨,大學,是,tsao erh chang,金馬地區
連江縣第2選舉區,1,陳貴忠,男,050/03/10,53,中國國民黨,專科,是,chen gvey chvng,金馬地區
連江縣第2選舉區,2,王長明,男,047/02/22,56,無,其他,是,wang chang ming,金馬地區
連江縣第2選舉區,3,周瑞國,男,058/04/05,45,中國國民黨,高中,否,chou jui kuo,金馬地區
連江縣第3選舉區,1,柯玉官,男,042/03/13,61,中國國民黨,其他,否,ko yu kuan,金馬地區
連江縣第3選舉區,2,陳貽斌,男,058/11/16,45,中國國民黨,高中,否,chen yi ben,金馬地區
連江縣第4選舉區,1,張永江,男,049/06/23,54,無,其他,是,chang yung chiang,金馬地區
連江縣第4選舉區,2,馮印才,男,051/11/07,52,無,高中,否,feng yin tsai,金馬地區
基隆市第1選舉區,1,呂美玲,女,053/06/20,50,中國國民黨,碩士,是,,臺南市
基隆市第1選舉區,2,余重城,男,051/04/02,52,人民民主陣線,高中,否,,臺灣省
基隆市第1選舉區,3,張淵翔,男,066/08/31,37,中國國民黨,碩士,否,,臺灣省
基隆市第1選舉區,4,藍敏煌,男,056/02/24,47,中國國民黨,碩士,是,LAN MING HUA,臺灣省
基隆市第1選舉區,5,徐莉莉,女,053/12/13,49,親民黨,大學,否,SHU LILY,高雄市
基隆市第1選舉區,6,詹春陽,男,036/12/23,66,民主進步黨,高中,是,,臺灣省
基隆市第2選舉區,1,余宗珮,女,064/07/03,39,親民黨,碩士,否,YU TSUNG PEI,臺中市
基隆市第2選舉區,2,陳宜,女,075/11/12,28,無,專科,否,CHEN YI,臺北市
基隆市第2選舉區,3,賴正庸,男,059/10/09,44,無,碩士,否,,臺北市
基隆市第2選舉區,4,何淑萍,女,060/07/26,43,中國國民黨,碩士,是,HO SHU PING,臺灣省
基隆市第2選舉區,5,韓良圻,男,045/12/02,57,無,碩士,是,,臺灣省
基隆市第2選舉區,6,鄭村棋,男,041/03/20,62,人民民主陣線,大學,否,JENG TSUEN CHYI,臺北市
基隆市第2選舉區,7,陳東財,男,040/12/05,62,民主進步黨,高中,是,,新北市
基隆市第2選舉區,8,林家益,男,061/04/29,42,無,高中,否,,臺灣省
基隆市第2選舉區,9,林月琴,女,053/06/24,50,台灣團結聯盟,高中,否,,臺灣省
基隆市第2選舉區,10,張漢土,男,041/10/16,62,中國國民黨,高中,是,,新北市
基隆市第3選舉區,1,莊榮欽,男,046/02/02,57,中國國民黨,高中,是,,臺灣省
基隆市第3選舉區,2,林華生,男,052/02/26,51,無,其他,否,LIN HUA SHENG,臺灣省
基隆市第3選舉區,3,游祥耀,男,041/10/18,62,民主進步黨,大學,是,YOU HSIANG YAO,臺灣省
基隆市第3選舉區,4,林淑姣,女,053/04/06,50,無,專科,否,,臺灣省
基隆市第3選舉區,5,陳建雄,男,045/08/01,58,民主進步黨,專科,否,CHEN CHIEN HSIUNG,臺灣省
基隆市第3選舉區,6,江書豪,男,066/08/15,37,無,大學,否,,臺灣省
基隆市第3選舉區,7,黃小陵,女,059/05/17,44,人民民主陣線,碩士,否,,臺灣省
基隆市第3選舉區,8,曾紀嚴,男,065/07/08,38,中國國民黨,專科,否,TSENG CHI YEN,臺灣省
基隆市第3選舉區,9,張芳麗,女,041/03/07,62,中國國民黨,碩士,是,CHANG FANG LI,新北市
基隆市第3選舉區,10,藍正宗,男,052/05/26,51,中國國民黨,大學,否,LAN CHENG TSUNG,臺灣省
基隆市第3選舉區,11,駱智仁,男,058/02/01,45,中國國民黨,大學,否,,臺灣省
基隆市第4選舉區,1,陳志和,男,060/05/06,43,無,專科,否,CHEN CHIH HO,臺北市
基隆市第4選舉區,2,施世明,男,041/11/02,62,民主進步黨,大學,是,,臺灣省
基隆市第4選舉區,3,宋瑋莉,女,046/07/29,57,中國國民黨,碩士,是,,臺灣省
基隆市第4選舉區,4,楊石城,男,051/08/02,52,中國國民黨,大學,是,YANG SHIH CHENG,臺灣省
基隆市第4選舉區,5,張錦煌,男,044/07/04,59,民主進步黨,高中,是,,臺灣省
基隆市第4選舉區,6,莊敬聖,男,063/03/23,40,無,專科,否,CHUANG CHING SHENG,臺灣省
基隆市第4選舉區,7,龔尤倩,女,058/02/01,45,人民民主陣線,碩士,否,YU CHIEN LORNA KUNG,臺北市
基隆市第5選舉區,1,陳志成,男,039/08/25,64,民主進步黨,大學,是,CHEN CHIH CHENG,臺灣省
基隆市第5選舉區,2,袁孔琪,男,050/05/04,53,人民民主陣線,大學,否,,新北市
基隆市第5選舉區,3,秦鉦,男,042/08/12,61,中國國民黨,大學,是,CHIN CHENG,臺灣省
基隆市第5選舉區,4,洪森永,男,054/11/08,49,民主進步黨,專科,是,HUNG SHEN YUNG,臺灣省
基隆市第5選舉區,5,莊錦田,男,042/05/13,61,親民黨,專科,是,CHUANG CHING TIEN,新北市
基隆市第5選舉區,6,沈義傳,男,038/04/08,65,中國國民黨,其他,是,,臺灣省
基隆市第5選舉區,7,鄭林清良,女,037/05/02,66,中國國民黨,大學,是,CHENG LIN CHIN LIANG,其他省市
基隆市第5選舉區,8,蔡適應,男,062/06/14,41,民主進步黨,碩士,是,,臺北市
基隆市第5選舉區,9,俞叁發,男,054/03/04,49,中國國民黨,高中,否,YU SENFA,臺灣省
基隆市第6選舉區,1,連恩典,男,047/11/04,56,無,高中,否,,新北市
基隆市第6選舉區,2,鄭怡信,男,044/12/26,58,無,專科,是,,臺灣省
基隆市第6選舉區,3,陳江山,男,048/12/21,54,中國國民黨,高中,是,CHEN CHIANG SHAN,臺灣省
基隆市第6選舉區,4,王奕荃,男,050/08/15,53,中國國民黨,專科,否,,臺灣省
基隆市第6選舉區,5,鄭可熙,男,044/02/02,59,無,專科,否,,臺灣省
基隆市第6選舉區,6,林明智,男,062/11/17,41,民主進步黨,大學,否,LIN MING CHIH,臺灣省
基隆市第6選舉區,7,王醒之,男,061/02/16,42,無,博士,否,,新北市
基隆市第7選舉區,1,吳桐茂,男,054/02/12,49,無,高中,否,WU TUNG MAO,臺灣省
基隆市第7選舉區,2,楊秀玉,女,056/09/17,47,親民黨,專科,否,YANG HSIU YU,新北市
基隆市第7選舉區,3,蘇仁和,男,043/10/05,60,民主進步黨,專科,是,SU JEN HO,臺灣省
基隆市第7選舉區,4,張明麗,女,059/11/05,44,綠黨,大學,否,CHANG MING LI,臺北市
基隆市第7選舉區,5,陳永順,男,054/08/22,49,中國國民黨,專科,否,,臺灣省
基隆市第7選舉區,6,蘇財發,男,038/03/01,65,中國國民黨,高中,是,SU TSAI FA,臺灣省
基隆市第7選舉區,7,蔡旺璉,男,043/03/01,60,中國國民黨,專科,是,,臺灣省
基隆市第7選舉區,8,張美瓊,女,050/05/10,53,民主進步黨,高中,否,ZHANG MEI QIONG,新北市
基隆市第7選舉區,9,張耿輝,男,050/06/24,53,無,高中,是,CHANG KENG HUI,臺灣省
基隆市第7選舉區,10,陳重光,男,070/01/03,33,人民民主陣線,大學,否,,高雄市
基隆市第7選舉區,11,崔靜玫,女,047/12/14,55,無,高中,否,,臺北市
基隆市第7選舉區,12,高辜惠珍,女,047/05/09,56,中國國民黨,專科,是,KAOKU HUI CHEN,臺灣省
基隆市第8選舉區,1,陳明建,男,051/03/12,52,無,大學,否,chen ming chien,臺灣省
基隆市第8選舉區,2,朱瑞祥,男,050/02/15,53,中國國民黨,專科,是,,臺灣省
基隆市第8選舉區,3,拔耐‧茹妮老王,女,060/12/29,42,無,高中,否,,臺灣省
新竹市第1選舉區,1,楊志翔,男,078/11/02,25,綠黨,其他,否,YANG SAM,臺北市
新竹市第1選舉區,2,羅華強,男,059/06/11,44,無,博士,否,LO HWA CHIANG,臺北市
新竹市第1選舉區,3,鍾淑英,女,045/10/12,58,中國國民黨,高中,是,,臺灣省
新竹市第1選舉區,4,余邦彥,男,060/12/25,42,中國國民黨,大學,是,YU PANG YEN,臺灣省
新竹市第1選舉區,5,鄭貴元,男,041/10/04,62,民主進步黨,碩士,否,,臺灣省
新竹市第1選舉區,6,羅文熾,男,043/09/30,60,無,大學,是,,臺灣省
新竹市第1選舉區,7,方俊評,男,064/11/01,39,無,大學,否,FANG CHUN PING,臺南市
新竹市第1選舉區,8,張祖琰,女,040/11/03,63,中國國民黨,博士,是,CHANG TSU YEN,臺灣省
新竹市第1選舉區,9,李國璋,男,059/09/28,44,中國國民黨,大學,否,,臺灣省
新竹市第1選舉區,10,謝希誠,男,051/03/06,52,中國國民黨,碩士,是,,臺灣省
新竹市第1選舉區,11,鄭正鈐,男,058/05/31,45,中國國民黨,博士,是,CHENG CHENG CHIEN,臺灣省
新竹市第1選舉區,12,廖婉君,女,076/01/19,27,無,大學,否,LIAO WAN CHUN,臺北市
新竹市第1選舉區,13,程澎澎,女,043/08/13,60,無,大學,否,CHENG PENG PENG,臺灣省
新竹市第1選舉區,14,段孝芳,女,049/09/22,54,中國國民黨,高中,是,TUAN HSIAO FANG,臺灣省
新竹市第1選舉區,15,劉聲正,男,048/04/02,55,台灣團結聯盟,高中,否,LIU SHENG CHENG,臺灣省
新竹市第1選舉區,16,李炳煌,男,062/09/03,41,無,大學,否,LEE BURKLE,臺灣省
新竹市第1選舉區,17,謝治,男,042/09/25,61,新黨,專科,否,HSIEN JYH,臺灣省
新竹市第1選舉區,18,蕭吉隆,男,065/10/07,38,無,碩士,否,HSIAO CHI LUNG,臺灣省
新竹市第1選舉區,19,鄭宏輝,男,058/08/16,45,民主進步黨,碩士,是,,臺灣省
新竹市第1選舉區,20,曾資程,男,055/12/31,47,民主進步黨,碩士,是,TSENG TZU CHENG,臺灣省
新竹市第1選舉區,21,曹永明,男,060/02/21,43,親民黨,大學,否,TSAOYUNG MING,臺灣省
新竹市第1選舉區,22,余振福,男,049/02/14,54,中國國民黨,大學,否,YU CHEN FU,臺灣省
新竹市第1選舉區,23,王瑄,女,060/01/20,43,無,大學,否,WANG XUAN,其他省市
新竹市第2選舉區,1,宋金海,男,036/04/01,67,無,高中,否,,臺灣省
新竹市第2選舉區,2,許修睿,男,055/07/11,48,無,碩士,是,,臺灣省
新竹市第2選舉區,3,施乃如,女,066/11/15,37,民主進步黨,大學,否,,臺灣省
新竹市第2選舉區,4,徐信芳,男,037/11/24,66,中國國民黨,大學,是,,臺灣省
新竹市第2選舉區,5,何佳樺,女,053/05/17,50,中國國民黨,大學,否,,臺灣省
新竹市第2選舉區,6,許文棟,男,044/02/04,59,無,其他,是,HSU WEN OUNG,臺灣省
新竹市第2選舉區,7,鍾淑姬,女,049/04/24,54,無,碩士,否,CHUNG SHU CHI,臺灣省
新竹市第2選舉區,8,田雅芳,女,074/01/26,29,無,大學,否,TIEN YA FANG,臺灣省
新竹市第2選舉區,9,林碧霞,女,039/10/28,64,台灣團結聯盟,大學,否,LIN PI HSIA,臺灣省
新竹市第3選舉區,1,熊哲良,男,064/01/28,39,親民黨,碩士,否,HSIUNG CHE LIANG,臺灣省
新竹市第3選舉區,2,駱克欽,男,051/01/02,52,無,專科,否,,臺灣省
新竹市第3選舉區,3,陳治雄,男,048/04/23,55,中國國民黨,大學,否,CHEN CHIH HSIUNG,臺灣省
新竹市第3選舉區,4,呂於台,男,040/11/25,63,中國國民黨,專科,是,LEU YU TAI,臺灣省
新竹市第3選舉區,5,鄭正宗,男,037/01/10,66,民主進步黨,大學,是,,臺灣省
新竹市第4選舉區,1,王銘宗,男,046/04/14,57,無,博士,否,WANG MING TZONG,臺灣省
新竹市第4選舉區,2,蕭志潔,女,049/07/30,54,中國國民黨,專科,是,,臺北市
新竹市第4選舉區,3,孫鍚洲,男,045/08/19,58,無,專科,是,SUN YANG CHOU,臺灣省
新竹市第4選舉區,4,林殷如,女,072/11/30,30,無,大學,否,LIN YIN RU,高雄市
新竹市第4選舉區,5,黃美慧,女,057/03/15,46,無,專科,否,,臺灣省
新竹市第4選舉區,6,顏政德,男,054/11/11,49,中國國民黨,碩士,否,YEN ADDY,臺灣省
新竹市第4選舉區,7,陳清全,男,038/01/28,65,無,其他,是,,臺灣省
新竹市第4選舉區,8,吳青山,男,045/03/12,58,中國國民黨,大學,是,WU CHING SHAN,臺灣省
新竹市第4選舉區,9,湯新如,男,046/06/23,57,無,大學,否,,新北市
新竹市第4選舉區,10,林飛鵬,男,042/09/10,61,無,碩士,否,LIN FEI PE,臺灣省
新竹市第4選舉區,11,吳秋穀,男,039/09/21,64,民主進步黨,大學,是,WU CHIU KU,臺灣省
新竹市第4選舉區,12,彭昆耀,男,040/09/09,63,無,高中,是,PENG KUN YAO,臺灣省
新竹市第4選舉區,13,謝文進,男,043/10/19,60,無,高中,是,,臺灣省
新竹市第4選舉區,14,李姸慧,女,065/07/10,38,無,碩士,是,LEE YEN HUI,臺北市
新竹市第5選舉區,1,鄭成光,男,038/04/05,65,中國國民黨,其他,是,CHENG CHEN KUANG,臺灣省
新竹市第5選舉區,2,黃彥儒,男,077/09/09,26,無,大學,否,HUANG YEN JU,臺灣省
新竹市第5選舉區,3,林梅華,女,055/01/01,48,無,高中,否,,臺灣省
新竹市第5選舉區,4,林耕仁,男,049/11/30,53,中國國民黨,碩士,是,,臺灣省
新竹市第5選舉區,5,陳啓源,男,055/08/26,48,無,專科,是,CHEN CHI YUAN,臺灣省
新竹市第5選舉區,6,王明魁,男,028/01/12,75,無,高中,否,WANG MING KWEI,臺灣省
新竹市第5選舉區,7,林盈徹,男,069/10/17,34,民主進步黨,大學,否,LIN YING CHE,臺灣省
新竹市第5選舉區,8,賀玉燕,女,042/06/08,61,中國國民黨,大學,是,,臺灣省
新竹市第5選舉區,9,吳國寶,男,059/02/06,44,無,碩士,是,WU KUO PAO,臺灣省
新竹市第6選舉區,1,劉美玲,女,059/10/12,44,無,高中,否,,臺灣省
新竹市第6選舉區,2,鄭主,男,045/07/10,58,無,其他,否,,臺灣省
新竹市第6選舉區,3,林慈愛,女,061/08/24,42,中國國民黨,高中,否,LIN TZU AI,臺灣省
嘉義市第1選舉區,1,張敏琪,女,062/04/27,41,中國國民黨,高中,是,,高雄市
嘉義市第1選舉區,2,李奕德,男,072/03/11,31,無,碩士,否,LEE EI TE,臺灣省
嘉義市第1選舉區,3,黃盈智,男,061/01/25,42,民主進步黨,博士,否,HUANG YING ZHI,臺灣省
嘉義市第1選舉區,4,蔡尚媞,女,078/07/17,25,樹黨,高中,否,,臺北市
嘉義市第1選舉區,5,郭明賓,男,048/03/18,55,中國國民黨,碩士,是,,臺灣省
嘉義市第1選舉區,6,傅大偉,男,052/04/29,51,中國國民黨,碩士,是,,臺灣省
嘉義市第1選舉區,7,郭文居,男,066/10/20,37,中國國民黨,碩士,否,,臺灣省
嘉義市第1選舉區,8,廖梅江,男,037/07/24,66,民主進步黨,大學,否,LIAO MEI CHIANG,臺灣省
嘉義市第1選舉區,9,張榮藏,男,031/07/05,72,無,大學,是,,臺灣省
嘉義市第1選舉區,10,黃國村,男,032/07/11,71,中國國民黨,專科,是,HUANG KUO CHUN,臺灣省
嘉義市第1選舉區,11,洪有仁,男,049/10/17,54,無,高中,否,,臺灣省
嘉義市第1選舉區,12,黃露慧,女,056/01/13,47,民主進步黨,碩士,是,,臺灣省
嘉義市第1選舉區,13,林瑞霞,女,043/05/05,60,無,碩士,否,,臺灣省
嘉義市第1選舉區,14,黃秋澤,男,047/08/10,56,無,高中,是,,臺灣省
嘉義市第1選舉區,15,戴寧,女,071/02/23,32,無,大學,是,TAI NING,臺灣省
嘉義市第1選舉區,16,蔡永泉,男,041/01/21,62,台灣團結聯盟,大學,是,TSAI YUNG CHUAN,臺灣省
嘉義市第2選舉區,1,陳姿妏,女,051/08/19,52,無,大學,否,CHEN TZU WEN,臺中市
嘉義市第2選舉區,2,吳上明,男,036/11/23,67,無,高中,是,WU SHANG MING,臺灣省
嘉義市第2選舉區,3,蘇澤峰,男,073/07/06,30,無,高中,否,,臺灣省
嘉義市第2選舉區,4,張秀華,女,046/09/26,57,中國國民黨,碩士,是,,臺灣省
嘉義市第2選舉區,5,黃大祐,男,059/06/09,44,民主進步黨,碩士,否,,臺灣省
嘉義市第2選舉區,6,李孟哲,男,056/06/01,47,台灣團結聯盟,碩士,否,LEE MENG CHE,臺灣省
嘉義市第2選舉區,7,李忠曆,男,054/05/30,49,無,專科,是,,臺灣省
嘉義市第2選舉區,8,譚國華,男,061/06/13,42,中國國民黨,高中,否,TAN KUO HUA,臺灣省
嘉義市第2選舉區,9,陳文齡,男,032/04/21,71,中國國民黨,大學,是,CHEN WEN LING,其他省市
嘉義市第2選舉區,10,王美惠,女,054/04/15,49,民主進步黨,大學,是,,臺灣省
嘉義市第2選舉區,11,莊豐安,男,054/03/16,49,無,高中,否,CHUANG FENG AN,臺灣省
嘉義市第2選舉區,12,蔡文旭,男,052/07/02,51,民主進步黨,大學,是,TSAI WEN HSU,臺灣省
嘉義市第2選舉區,13,蕭淑麗,女,056/03/01,47,無,碩士,否,,臺灣省
嘉義市第2選舉區,14,廖天隆,男,035/12/28,67,無,高中,是,,臺灣省
嘉義市第2選舉區,15,蕭文億,男,064/09/25,39,中國國民黨,碩士,否,HSIAO WEN I,臺灣省
嘉義市第2選舉區,16,蔡榮豐,男,045/04/10,58,無,大學,是,TSAI JUNG FENG,臺灣省
嘉義市第2選舉區,17,陳幸枝,女,049/06/06,54,民主進步黨,高中,是,,臺灣省
嘉義市第2選舉區,18,鄭光宏,男,068/02/11,35,中國國民黨,碩士,否,,臺灣省
